{"v":"5.7.1","ip":0,"op":360,"nm":"Animation","mn":"{d2c6a5a5-0dda-48d6-8c8a-33844898f7f4}","fr":60,"w":512,"h":512,"assets":[],"layers":[{"ddd":0,"ty":3,"ind":1,"st":0,"ip":0,"op":364,"nm":"svg5 1","mn":"{e463f270-8438-43db-8949-457f10411c7b}","ks":{"a":{"a":0,"k":[103.551,122.966]},"p":{"a":0,"k":[254.562,254.13]},"s":{"a":0,"k":[206.701,206.701]},"r":{"a":0,"k":0},"o":{"a":0,"k":100}}},{"ddd":0,"ty":4,"ind":2,"st":0,"ip":0,"op":360,"nm":"Layer 1","mn":"{a786f655-fb3b-41b4-94e0-1ab3d7a93156}","ks":{"a":{"a":0,"k":[103.803,126.563]},"p":{"a":0,"k":[103.803,126.563]},"s":{"a":0,"k":[100,100]},"r":{"a":0,"k":0},"o":{"a":0,"k":100}},"parent":1,"shapes":[{"ty":"gr","nm":"checklis","mn":"{5d91c364-6baa-4a44-80ca-4bc1eff05a56}","it":[{"ty":"sh","nm":"Path 114","mn":"{af34879d-fd1d-4e16-bb0f-a8c99c1c5e53}","d":1,"ks":{"a":0,"k":{"c":false,"v":[[43.514,97.53],[45.912,99.928],[56,89.84]],"i":[[0,0],[0,0],[0,0]],"o":[[0,0],[0,0],[0,0]]}}},{"ty":"st","nm":"Stroke 46","mn":"{f520fddb-34d0-4f53-9369-866f64490d3c}","o":{"a":0,"k":100},"lc":2,"lj":2,"ml":4,"w":{"a":0,"k":1.474},"c":{"a":0,"k":[0.475,0.427,0.294]}},{"ty":"tm","nm":"Trim Path 2","mn":"{4f2bf726-514c-4be8-9367-8a94545e2e42}","s":{"a":0,"k":0},"e":{"a":1,"k":[{"t":52,"s":[0],"h":0,"o":{"x":[0],"y":[0]},"i":{"x":[1],"y":[1]},"e":[100]},{"t":72,"s":[100]}]},"o":{"a":0,"k":0},"m":1},{"ty":"fl","hd":true,"nm":"Fill 55","mn":"{a1d42209-6da8-4430-a759-783cee2468c5}","o":{"a":0,"k":0},"r":1,"c":{"a":0,"k":[0,0,0]}},{"ty":"tr","a":{"a":0,"k":[49.757,94.884]},"p":{"a":0,"k":[49.757,94.884]},"s":{"a":0,"k":[100,100]},"r":{"a":0,"k":0},"o":{"a":0,"k":100}}]},{"ty":"gr","nm":"pencil","mn":"{bd3484f1-4b8c-4268-8072-e48add871b36}","it":[{"ty":"sh","nm":"Path 118","mn":"{244ebd58-3023-44a3-afd2-d78e0ec7c7ed}","d":1,"ks":{"a":0,"k":{"c":true,"v":[[85.401,142.31],[89.557,140.281],[87.19,135.435],[83.034,137.465]],"i":[[0,0],[0,0],[0,0],[0,0]],"o":[[0,0],[0,0],[0,0],[0,0]]}}},{"ty":"sh","nm":"Path 117","mn":"{3cb96980-1d0d-4d18-b4ca-c63bdca1e4c7}","d":1,"ks":{"a":0,"k":{"c":true,"v":[[53.781,154.753],[60.427,154.507],[84.653,142.676],[82.286,137.831],[58.061,149.662]],"i":[[0,0],[0,0],[0,0],[0,0],[0,0]],"o":[[0,0],[0,0],[0,0],[0,0],[0,0]]}}},{"ty":"fl","nm":"Fill 58","mn":"{344d8bdd-8f62-4d8a-98ed-022e0df6017b}","o":{"a":0,"k":100},"r":1,"c":{"a":0,"k":[0.298,0.224,0]}},{"ty":"tr","a":{"a":0,"k":[71.669,145.094]},"p":{"a":1,"k":[{"t":0,"s":[71.669,145.094],"h":0,"o":{"x":[0],"y":[0]},"i":{"x":[1],"y":[1]},"to":[0,0],"e":[60.452,88.46],"ti":[0,0]},{"t":51,"s":[60.452,88.46],"h":0,"o":{"x":[0],"y":[0]},"i":{"x":[1],"y":[1]},"to":[0,0],"e":[63.872,90.409],"ti":[0,0]},{"t":61,"s":[63.872,90.409],"h":0,"o":{"x":[0],"y":[0]},"i":{"x":[1],"y":[1]},"to":[0,0],"e":[70.301,83.262],"ti":[0,0]},{"t":71,"s":[70.301,83.262],"h":0,"o":{"x":[0],"y":[0]},"i":{"x":[1],"y":[1]},"to":[0,0],"e":[61.662,105.115],"ti":[0,0]},{"t":97,"s":[61.662,105.115],"h":0,"o":{"x":[0],"y":[0]},"i":{"x":[1],"y":[1]},"to":[0,0],"e":[62.914,107.064],"ti":[0,0]},{"t":105,"s":[62.914,107.064],"h":0,"o":{"x":[0],"y":[0]},"i":{"x":[1],"y":[1]},"to":[0,0],"e":[73.122,96.572],"ti":[0,0]},{"t":118,"s":[73.122,96.572],"h":0,"o":{"x":[0],"y":[0]},"i":{"x":[1],"y":[1]},"to":[0,0],"e":[61.272,123.207],"ti":[0,0]},{"t":160,"s":[61.272,123.207],"h":0,"o":{"x":[0],"y":[0]},"i":{"x":[1],"y":[1]},"to":[0,0],"e":[63.707,124.219],"ti":[0,0]},{"t":166,"s":[63.707,124.219],"h":0,"o":{"x":[0],"y":[0]},"i":{"x":[1],"y":[1]},"to":[0,0],"e":[70.848,116.367],"ti":[0,0]},{"t":181,"s":[70.848,116.367],"h":0,"o":{"x":[0],"y":[0]},"i":{"x":[1],"y":[1]},"to":[0,0],"e":[71.669,145.094],"ti":[0,0]},{"t":198,"s":[71.669,145.094],"h":0,"o":{"x":[0],"y":[0]},"i":{"x":[1],"y":[1]},"to":[0,0],"e":[164.473,128.46],"ti":[0,0]},{"t":246,"s":[164.473,128.46],"h":0,"o":{"x":[0],"y":[0]},"i":{"x":[1],"y":[1]},"to":[0,0],"e":[167.975,132.618],"ti":[0,0]},{"t":258,"s":[167.975,132.618],"h":0,"o":{"x":[0],"y":[0]},"i":{"x":[1],"y":[1]},"to":[0,0],"e":[162.814,135.919],"ti":[0,0]},{"t":272,"s":[162.814,135.919],"h":0,"o":{"x":[0],"y":[0]},"i":{"x":[1],"y":[1]},"to":[0,0],"e":[159.657,131.743],"ti":[0,0]},{"t":287,"s":[159.657,131.743],"h":0,"o":{"x":[0],"y":[0]},"i":{"x":[1],"y":[1]},"to":[0,0],"e":[163.378,128.022],"ti":[0,0]},{"t":296,"s":[163.378,128.022],"h":0,"o":{"x":[0],"y":[0]},"i":{"x":[1],"y":[1]},"to":[0,0],"e":[71.669,145.094],"ti":[0,0]},{"t":348,"s":[71.669,145.094]}]},"s":{"a":0,"k":[100,100]},"r":{"a":1,"k":[{"t":198,"s":[0],"h":0,"o":{"x":[0],"y":[0]},"i":{"x":[1],"y":[1]},"e":[2.493]},{"t":233,"s":[2.493],"h":0,"o":{"x":[0],"y":[0]},"i":{"x":[1],"y":[1]},"e":[0]},{"t":280,"s":[0]}]},"o":{"a":0,"k":100}}]},{"ty":"gr","nm":"Ellipse 1","mn":"{95e64000-2d84-4dc5-99a7-1791eaf985cc}","it":[{"ty":"el","nm":"Ellipse 1","mn":"{fc6597df-bb49-4d7c-94e6-0d7437e974b4}","d":1,"p":{"a":0,"k":[351.855,295.593]},"s":{"a":0,"k":[15,15.4]}},{"ty":"st","nm":"Stroke","mn":"{f2b5f46a-f557-4540-ae58-4272e4a2c276}","o":{"a":0,"k":100},"lc":2,"lj":2,"ml":4,"w":{"a":0,"k":2},"c":{"a":0,"k":[0.475,0.427,0.294]}},{"ty":"tm","nm":"Trim Path 5","mn":"{614039ce-b2a5-4d9a-b4b2-3ea7ad4c303e}","s":{"a":0,"k":0},"e":{"a":1,"k":[{"t":247,"s":[0],"h":0,"o":{"x":[0],"y":[0]},"i":{"x":[1],"y":[1]},"e":[100]},{"t":300,"s":[100]}]},"o":{"a":0,"k":0},"m":1},{"ty":"fl","hd":true,"nm":"Fill","mn":"{f36af27b-e5da-4644-8813-4b8bd68ff5d2}","o":{"a":0,"k":100},"r":1,"c":{"a":0,"k":[0.298,0.224,0]}},{"ty":"tr","a":{"a":0,"k":[351.855,295.593]},"p":{"a":0,"k":[146.122,141.052]},"s":{"a":0,"k":[48.379,48.379]},"r":{"a":0,"k":0},"o":{"a":0,"k":100}}]},{"ty":"gr","nm":"checklist","mn":"{9f4b99ee-6aaa-4b08-a45b-4b6f7bdf7967}","it":[{"ty":"sh","nm":"Path 116","mn":"{a2a8bcf1-d92f-4a70-bcf6-0c4c5da6b714}","d":1,"ks":{"a":0,"k":{"c":false,"v":[[43.514,131.353],[45.912,133.752],[56,123.664]],"i":[[0,0],[0,0],[0,0]],"o":[[0,0],[0,0],[0,0]]}}},{"ty":"st","nm":"Stroke 48","mn":"{a05a36e0-eda9-4c79-8cf2-7735c088987a}","o":{"a":0,"k":100},"lc":2,"lj":2,"ml":4,"w":{"a":0,"k":1.474},"c":{"a":0,"k":[0.475,0.427,0.294]}},{"ty":"tm","nm":"Trim Path","mn":"{791c98d3-af6e-4f4d-bc8f-bfade7a29941}","s":{"a":0,"k":0},"e":{"a":1,"k":[{"t":162,"s":[0],"h":0,"o":{"x":[0],"y":[0]},"i":{"x":[1],"y":[1]},"e":[100]},{"t":181,"s":[100]}]},"o":{"a":0,"k":0},"m":1},{"ty":"fl","hd":true,"nm":"Fill 57","mn":"{1c68e814-932c-4ebd-9c31-65536256b4b8}","o":{"a":0,"k":0},"r":1,"c":{"a":0,"k":[0,0,0]}},{"ty":"tr","a":{"a":0,"k":[49.757,128.708]},"p":{"a":0,"k":[49.757,128.708]},"s":{"a":0,"k":[100,100]},"r":{"a":0,"k":0},"o":{"a":0,"k":100}}]},{"ty":"gr","nm":"checklis","mn":"{0360a625-c3d7-4d94-9abe-b3d2e24b98ca}","it":[{"ty":"sh","nm":"Path 115","mn":"{765171ea-5468-4373-9369-5d03fd66c9af}","d":1,"ks":{"a":0,"k":{"c":false,"v":[[43.514,113.853],[45.912,116.252],[56,106.164]],"i":[[0,0],[0,0],[0,0]],"o":[[0,0],[0,0],[0,0]]}}},{"ty":"st","nm":"Stroke 47","mn":"{f553d20b-79a4-4999-9f22-68ac1b246c67}","o":{"a":0,"k":100},"lc":2,"lj":2,"ml":4,"w":{"a":0,"k":1.474},"c":{"a":0,"k":[0.475,0.427,0.294]}},{"ty":"tm","nm":"Trim Path 1","mn":"{68f1ac8f-b6ea-4faf-ad85-44d9df94aedd}","s":{"a":0,"k":0},"e":{"a":1,"k":[{"t":98,"s":[0],"h":0,"o":{"x":[0],"y":[0]},"i":{"x":[1],"y":[1]},"e":[100]},{"t":115,"s":[100]}]},"o":{"a":0,"k":0},"m":1},{"ty":"fl","hd":true,"nm":"Fill 56","mn":"{778ca286-21e3-4669-af1c-595dc61f57f1}","o":{"a":0,"k":0},"r":1,"c":{"a":0,"k":[0,0,0]}},{"ty":"tr","a":{"a":0,"k":[49.757,111.208]},"p":{"a":0,"k":[49.757,111.208]},"s":{"a":0,"k":[100,100]},"r":{"a":0,"k":0},"o":{"a":0,"k":100}}]},{"ty":"gr","nm":"g592","mn":"{6f7ae7b5-3c3f-4cef-9e56-a306e14b0346}","it":[{"ty":"gr","nm":"path3581","mn":"{8861c5d0-d0b1-490b-8f6b-3ab84d1e7116}","it":[{"ty":"sh","nm":"Path 185","mn":"{df7eac8f-e287-4ec3-9726-7dfec3f76413}","d":1,"ks":{"a":0,"k":{"c":true,"v":[[165.94,150.387],[181.28,156.971],[159.948,172.426],[144.607,165.842]],"i":[[0,0],[0,0],[0,0],[0,0]],"o":[[0,0],[0,0],[0,0],[0,0]]}}},{"ty":"st","nm":"Stroke 87","mn":"{b50a7546-378c-4ced-821a-99d5cdc4a756}","o":{"a":0,"k":0},"lc":2,"lj":2,"ml":4,"w":{"a":0,"k":0.638},"c":{"a":0,"k":[0,0,0]}},{"ty":"fl","nm":"Fill 101","mn":"{0c7f6c8e-c9e1-442b-8a11-0f85d0f691bd}","o":{"a":0,"k":100},"r":1,"c":{"a":0,"k":[0.984,0.851,0.322]}},{"ty":"tr","a":{"a":0,"k":[162.944,161.407]},"p":{"a":0,"k":[162.944,161.407]},"s":{"a":0,"k":[100,100]},"r":{"a":0,"k":0},"o":{"a":0,"k":100}}]},{"ty":"gr","nm":"path3579","mn":"{a03a1d95-9097-43cc-907b-4de69f908297}","it":[{"ty":"sh","nm":"Path 184","mn":"{3ee43f7a-8ff8-49cb-b1e6-8c8ca89accd3}","d":1,"ks":{"a":0,"k":{"c":true,"v":[[166.95,151.937],[182.291,158.521],[160.958,173.976],[145.618,167.392]],"i":[[0,0],[0,0],[0,0],[0,0]],"o":[[0,0],[0,0],[0,0],[0,0]]}}},{"ty":"st","nm":"Stroke 86","mn":"{40d8327b-c13f-4050-80bf-01cdda619354}","o":{"a":0,"k":0},"lc":2,"lj":2,"ml":4,"w":{"a":0,"k":0.638},"c":{"a":0,"k":[0,0,0]}},{"ty":"fl","nm":"Fill 100","mn":"{2ba23984-9e6f-42d1-a48c-f5f22bb2a8d5}","o":{"a":0,"k":100},"r":1,"c":{"a":0,"k":[1,0.831,0.165]}},{"ty":"tr","a":{"a":0,"k":[163.954,162.956]},"p":{"a":0,"k":[163.954,162.956]},"s":{"a":0,"k":[100,100]},"r":{"a":0,"k":0},"o":{"a":0,"k":100}}]},{"ty":"gr","nm":"rect3576","mn":"{4ed1e68a-9807-4249-9dfb-585cb36ad704}","it":[{"ty":"sh","nm":"Path 183","mn":"{392d3cb1-b943-4a71-9e3a-992c9bb060c4}","d":1,"ks":{"a":0,"k":{"c":true,"v":[[167.948,153.309],[183.289,159.893],[161.956,175.348],[146.616,168.764]],"i":[[0,0],[0,0],[0,0],[0,0]],"o":[[0,0],[0,0],[0,0],[0,0]]}}},{"ty":"st","nm":"Stroke 85","mn":"{6bff21a0-7572-4285-889b-a9a7084d6b8c}","o":{"a":0,"k":0},"lc":2,"lj":2,"ml":4,"w":{"a":0,"k":0.638},"c":{"a":0,"k":[0,0,0]}},{"ty":"fl","nm":"Fill 99","mn":"{a94000f9-1a4e-4c91-896c-20e347f3cfd0}","o":{"a":0,"k":100},"r":1,"c":{"a":0,"k":[0.953,0.749,0.125]}},{"ty":"tr","a":{"a":0,"k":[164.952,164.328]},"p":{"a":0,"k":[164.952,164.328]},"s":{"a":0,"k":[100,100]},"r":{"a":0,"k":0},"o":{"a":0,"k":100}}]},{"ty":"gr","nm":"path5174","mn":"{231f3734-8610-484f-8341-4763a5fca273}","it":[{"ty":"sh","nm":"Path 182","mn":"{f96a2c84-8711-483c-b576-db0ae5a8637b}","d":1,"ks":{"a":0,"k":{"c":true,"v":[[183.289,159.893],[162.149,176.292],[146.616,168.764],[162.057,173.18]],"i":[[0,0],[0,0],[0,0],[-2.862,-1.27]],"o":[[0,0],[0,0],[4.302,-0.214],[0,0]]}}},{"ty":"fl","nm":"Fill 98","mn":"{24ddf4aa-6640-4bb7-8826-29f7a7f36a3b}","o":{"a":0,"k":100},"r":1,"c":{"a":0,"k":[0.6,0.6,0.6]}},{"ty":"tr","a":{"a":0,"k":[164.952,168.092]},"p":{"a":0,"k":[164.952,168.092]},"s":{"a":0,"k":[100,100]},"r":{"a":0,"k":0},"o":{"a":0,"k":100}}]},{"ty":"gr","nm":"path4796","mn":"{35877c89-6f47-45c0-aa64-e9bd2ad4fbad}","it":[{"ty":"sh","nm":"Path 181","mn":"{d7128dc4-42e7-464c-920b-478b911461cd}","d":1,"ks":{"a":0,"k":{"c":true,"v":[[177.604,161.294],[176.849,161.69],[148.93,161.677],[122.405,161.532],[122.394,161.294]],"i":[[0,0],[0,0],[0,0],[0,0],[0,0]],"o":[[0,0],[0,0],[0,0],[0,0],[0,0]]}}},{"ty":"fl","nm":"Fill 97","mn":"{2d7d4c14-a126-4386-b732-9731e2859c2a}","o":{"a":0,"k":100},"r":1,"c":{"a":0,"k":[0.6,0.6,0.6]}},{"ty":"tr","a":{"a":0,"k":[149.999,161.492]},"p":{"a":0,"k":[149.999,161.492]},"s":{"a":0,"k":[100,100]},"r":{"a":0,"k":0},"o":{"a":0,"k":100}}]},{"ty":"gr","nm":"path4731","mn":"{6da28430-4094-4209-b115-b5e6fb1d513e}","it":[{"ty":"sh","nm":"Path 180","mn":"{638e5858-d5fb-45a9-ae4e-44c512060cae}","d":1,"ks":{"a":0,"k":{"c":true,"v":[[189.535,154.752],[186.697,158.807],[177.604,161.294],[178.804,154.752]],"i":[[0,0],[0,0],[0,0],[0,0]],"o":[[0,0],[0,0],[0,0],[0,0]]}}},{"ty":"fl","nm":"Fill 96","mn":"{2e9318a6-ee32-46b2-bb90-20422b7fa573}","o":{"a":0,"k":100},"r":1,"c":{"a":0,"k":[0.776,0.776,0.776]}},{"ty":"tr","a":{"a":0,"k":[183.569,158.023]},"p":{"a":0,"k":[183.569,158.023]},"s":{"a":0,"k":[100,100]},"r":{"a":0,"k":0},"o":{"a":0,"k":100}}]},{"ty":"gr","nm":"path431","mn":"{f5004530-13e9-448d-8394-314793221ae5}","it":[{"ty":"sh","nm":"Path 179","mn":"{0a595a48-6e39-4f2e-85d9-15087181480f}","d":1,"ks":{"a":0,"k":{"c":false,"v":[[181.074,120.657],[180.046,119.334],[181.074,118.01],[182.101,119.334]],"i":[[0,0],[0,0.731],[-0.567,0],[0,-0.731]],"o":[[-0.567,0],[0,-0.731],[0.567,0],[0,0]]}}},{"ty":"st","nm":"Stroke 84","mn":"{18dad091-749a-43b1-875f-485289e72e55}","o":{"a":0,"k":100},"lc":2,"lj":2,"ml":4,"w":{"a":0,"k":0.342},"c":{"a":0,"k":[0.8,0.8,0.8]}},{"ty":"fl","hd":true,"nm":"Fill 95","mn":"{1869670b-a5e4-43b5-a39a-72bffd33b3cc}","o":{"a":0,"k":0},"r":1,"c":{"a":0,"k":[0,0,0]}},{"ty":"tr","a":{"a":0,"k":[181.074,119.334]},"p":{"a":0,"k":[181.074,119.334]},"s":{"a":0,"k":[100,100]},"r":{"a":0,"k":0},"o":{"a":0,"k":100}}]},{"ty":"gr","nm":"path429","mn":"{472c5057-1521-4344-bddc-6ec96b694529}","it":[{"ty":"sh","nm":"Path 178","mn":"{dc2ccc70-46e5-42f8-845c-11fade0581d9}","d":1,"ks":{"a":0,"k":{"c":true,"v":[[181.826,120.675],[181.128,121.373],[180.43,120.675],[181.128,119.977],[181.826,120.675]],"i":[[0,0],[0.383,0],[0,0.383],[-0.383,0],[0,-0.383]],"o":[[0,0.383],[-0.383,0],[0,-0.383],[0.383,0],[0,0.383]]}}},{"ty":"st","nm":"Stroke 83","mn":"{2f27a716-cd2b-4881-80db-7fd50c62aabb}","o":{"a":0,"k":0},"lc":2,"lj":2,"ml":4,"w":{"a":0,"k":0.574},"c":{"a":0,"k":[0,0,0]}},{"ty":"fl","nm":"Fill 94","mn":"{02262d49-29c2-43e0-81d8-4afdcc90777a}","o":{"a":0,"k":100},"r":1,"c":{"a":0,"k":[0.6,0.6,0.6]}},{"ty":"tr","a":{"a":0,"k":[181.128,120.675]},"p":{"a":0,"k":[181.128,120.675]},"s":{"a":0,"k":[100,100]},"r":{"a":0,"k":0},"o":{"a":0,"k":100}}]},{"ty":"gr","nm":"path437","mn":"{b080bdfb-075f-4db2-80ae-cef1670db5c3}","it":[{"ty":"sh","nm":"Path 177","mn":"{32b028d8-0c6e-42d8-9ed2-eb73f87ce89d}","d":1,"ks":{"a":0,"k":{"c":false,"v":[[177.48,120.657],[176.453,119.334],[177.48,118.01],[178.507,119.334]],"i":[[0,0],[0,0.731],[-0.567,0],[0,-0.731]],"o":[[-0.567,0],[0,-0.731],[0.567,0],[0,0]]}}},{"ty":"st","nm":"Stroke 82","mn":"{30b72250-1067-45c9-bc78-9abb99f2fe2e}","o":{"a":0,"k":100},"lc":2,"lj":2,"ml":4,"w":{"a":0,"k":0.342},"c":{"a":0,"k":[0.8,0.8,0.8]}},{"ty":"fl","hd":true,"nm":"Fill 93","mn":"{eadf3000-5ec4-454b-b064-58a50fb844e1}","o":{"a":0,"k":0},"r":1,"c":{"a":0,"k":[0,0,0]}},{"ty":"tr","a":{"a":0,"k":[177.48,119.334]},"p":{"a":0,"k":[177.48,119.334]},"s":{"a":0,"k":[100,100]},"r":{"a":0,"k":0},"o":{"a":0,"k":100}}]},{"ty":"gr","nm":"path435","mn":"{522c7f46-304b-42e6-a39a-5332c74ef86a}","it":[{"ty":"sh","nm":"Path 176","mn":"{ca214fe5-0cf8-4667-9d2d-53cae4fb6ba9}","d":1,"ks":{"a":0,"k":{"c":true,"v":[[178.232,120.675],[177.534,121.373],[176.836,120.675],[177.534,119.977],[178.232,120.675]],"i":[[0,0],[0.383,0],[0,0.383],[-0.383,0],[0,-0.383]],"o":[[0,0.383],[-0.383,0],[0,-0.383],[0.383,0],[0,0.383]]}}},{"ty":"st","nm":"Stroke 81","mn":"{cd44b4cf-d535-41cd-9020-ef0513e14500}","o":{"a":0,"k":0},"lc":2,"lj":2,"ml":4,"w":{"a":0,"k":0.574},"c":{"a":0,"k":[0,0,0]}},{"ty":"fl","nm":"Fill 92","mn":"{ad930f0c-ff54-4bb9-92e5-f618e6917b7a}","o":{"a":0,"k":100},"r":1,"c":{"a":0,"k":[0.6,0.6,0.6]}},{"ty":"tr","a":{"a":0,"k":[177.534,120.675]},"p":{"a":0,"k":[177.534,120.675]},"s":{"a":0,"k":[100,100]},"r":{"a":0,"k":0},"o":{"a":0,"k":100}}]},{"ty":"gr","nm":"path443","mn":"{e66eabb8-cf8a-42ce-a619-b9aeacb3f487}","it":[{"ty":"sh","nm":"Path 175","mn":"{ad74a44d-258d-4d96-9b75-a615b7c0fca5}","d":1,"ks":{"a":0,"k":{"c":false,"v":[[173.886,120.657],[172.859,119.334],[173.886,118.01],[174.913,119.334]],"i":[[0,0],[0,0.731],[-0.567,0],[0,-0.731]],"o":[[-0.567,0],[0,-0.731],[0.567,0],[0,0]]}}},{"ty":"st","nm":"Stroke 80","mn":"{2d20bfcf-b63a-4a4d-8fd5-d5c0404084fb}","o":{"a":0,"k":100},"lc":2,"lj":2,"ml":4,"w":{"a":0,"k":0.342},"c":{"a":0,"k":[0.8,0.8,0.8]}},{"ty":"fl","hd":true,"nm":"Fill 91","mn":"{8ad01bf6-153e-49ef-95c0-5a6166240ef7}","o":{"a":0,"k":0},"r":1,"c":{"a":0,"k":[0,0,0]}},{"ty":"tr","a":{"a":0,"k":[173.886,119.334]},"p":{"a":0,"k":[173.886,119.334]},"s":{"a":0,"k":[100,100]},"r":{"a":0,"k":0},"o":{"a":0,"k":100}}]},{"ty":"gr","nm":"path441","mn":"{e649683b-f52c-4592-9e2f-f23fba04e756}","it":[{"ty":"sh","nm":"Path 174","mn":"{9d8f28e5-c243-49a8-9641-8b6127b98276}","d":1,"ks":{"a":0,"k":{"c":true,"v":[[174.638,120.675],[173.94,121.373],[173.242,120.675],[173.94,119.977],[174.638,120.675]],"i":[[0,0],[0.383,0],[0,0.383],[-0.383,0],[0,-0.383]],"o":[[0,0.383],[-0.383,0],[0,-0.383],[0.383,0],[0,0.383]]}}},{"ty":"st","nm":"Stroke 79","mn":"{b55af907-0265-4232-835a-1422e8de2c34}","o":{"a":0,"k":0},"lc":2,"lj":2,"ml":4,"w":{"a":0,"k":0.574},"c":{"a":0,"k":[0,0,0]}},{"ty":"fl","nm":"Fill 90","mn":"{cc36339f-10c8-4534-aeef-01cca6f0714d}","o":{"a":0,"k":100},"r":1,"c":{"a":0,"k":[0.6,0.6,0.6]}},{"ty":"tr","a":{"a":0,"k":[173.94,120.675]},"p":{"a":0,"k":[173.94,120.675]},"s":{"a":0,"k":[100,100]},"r":{"a":0,"k":0},"o":{"a":0,"k":100}}]},{"ty":"gr","nm":"path449","mn":"{0c381111-956a-469c-8035-47b7bfbc23d6}","it":[{"ty":"sh","nm":"Path 173","mn":"{6c2412b7-369d-4f1e-9007-db4d0d05b15c}","d":1,"ks":{"a":0,"k":{"c":false,"v":[[170.292,120.657],[169.265,119.334],[170.292,118.01],[171.319,119.334]],"i":[[0,0],[0,0.731],[-0.567,0],[0,-0.731]],"o":[[-0.567,0],[0,-0.731],[0.567,0],[0,0]]}}},{"ty":"st","nm":"Stroke 78","mn":"{b5f7cc4a-527b-468a-834a-3371405a898e}","o":{"a":0,"k":100},"lc":2,"lj":2,"ml":4,"w":{"a":0,"k":0.342},"c":{"a":0,"k":[0.8,0.8,0.8]}},{"ty":"fl","hd":true,"nm":"Fill 89","mn":"{f097c144-a769-4ab8-a0ff-d0de96c36a8d}","o":{"a":0,"k":0},"r":1,"c":{"a":0,"k":[0,0,0]}},{"ty":"tr","a":{"a":0,"k":[170.292,119.334]},"p":{"a":0,"k":[170.292,119.334]},"s":{"a":0,"k":[100,100]},"r":{"a":0,"k":0},"o":{"a":0,"k":100}}]},{"ty":"gr","nm":"path447","mn":"{a9ec6b56-154a-403d-b589-a889cdc37069}","it":[{"ty":"sh","nm":"Path 172","mn":"{ceaff0d2-35b5-4dfa-bb3c-1426d7361e92}","d":1,"ks":{"a":0,"k":{"c":true,"v":[[171.044,120.675],[170.346,121.373],[169.649,120.675],[170.346,119.977],[171.044,120.675]],"i":[[0,0],[0.383,0],[0,0.383],[-0.383,0],[0,-0.383]],"o":[[0,0.383],[-0.383,0],[0,-0.383],[0.383,0],[0,0.383]]}}},{"ty":"st","nm":"Stroke 77","mn":"{a0e35f70-bdcd-47e8-b02c-563bf341007f}","o":{"a":0,"k":0},"lc":2,"lj":2,"ml":4,"w":{"a":0,"k":0.574},"c":{"a":0,"k":[0,0,0]}},{"ty":"fl","nm":"Fill 88","mn":"{864cf265-8228-48ff-9cc5-b384d42028a5}","o":{"a":0,"k":100},"r":1,"c":{"a":0,"k":[0.6,0.6,0.6]}},{"ty":"tr","a":{"a":0,"k":[170.346,120.675]},"p":{"a":0,"k":[170.346,120.675]},"s":{"a":0,"k":[100,100]},"r":{"a":0,"k":0},"o":{"a":0,"k":100}}]},{"ty":"gr","nm":"path455","mn":"{7737f83c-6f46-4517-9ded-471847ac5081}","it":[{"ty":"sh","nm":"Path 171","mn":"{a2ba8c0b-f40a-4816-bea5-50bc4392b542}","d":1,"ks":{"a":0,"k":{"c":false,"v":[[166.698,120.657],[165.671,119.334],[166.698,118.01],[167.725,119.334]],"i":[[0,0],[0,0.731],[-0.567,0],[0,-0.731]],"o":[[-0.567,0],[0,-0.731],[0.567,0],[0,0]]}}},{"ty":"st","nm":"Stroke 76","mn":"{aecb0123-8f5a-4211-9dea-775dfec43fad}","o":{"a":0,"k":100},"lc":2,"lj":2,"ml":4,"w":{"a":0,"k":0.342},"c":{"a":0,"k":[0.8,0.8,0.8]}},{"ty":"fl","hd":true,"nm":"Fill 87","mn":"{d14f0631-85cb-4b89-8c04-b667c2b3ab1b}","o":{"a":0,"k":0},"r":1,"c":{"a":0,"k":[0,0,0]}},{"ty":"tr","a":{"a":0,"k":[166.698,119.334]},"p":{"a":0,"k":[166.698,119.334]},"s":{"a":0,"k":[100,100]},"r":{"a":0,"k":0},"o":{"a":0,"k":100}}]},{"ty":"gr","nm":"path453","mn":"{0c03a799-709e-4833-a891-422eedf9075e}","it":[{"ty":"sh","nm":"Path 170","mn":"{4ffbbe83-4a29-426e-8064-4b7ce4bff6b3}","d":1,"ks":{"a":0,"k":{"c":true,"v":[[167.451,120.675],[166.753,121.373],[166.055,120.675],[166.753,119.977],[167.451,120.675]],"i":[[0,0],[0.383,0],[0,0.383],[-0.383,0],[0,-0.383]],"o":[[0,0.383],[-0.383,0],[0,-0.383],[0.383,0],[0,0.383]]}}},{"ty":"st","nm":"Stroke 75","mn":"{22345f3b-8ecc-4b49-baf7-47a11cc8bd7a}","o":{"a":0,"k":0},"lc":2,"lj":2,"ml":4,"w":{"a":0,"k":0.574},"c":{"a":0,"k":[0,0,0]}},{"ty":"fl","nm":"Fill 86","mn":"{ddf5fe67-7763-47ea-9b52-70a14d16f9fc}","o":{"a":0,"k":100},"r":1,"c":{"a":0,"k":[0.6,0.6,0.6]}},{"ty":"tr","a":{"a":0,"k":[166.753,120.675]},"p":{"a":0,"k":[166.753,120.675]},"s":{"a":0,"k":[100,100]},"r":{"a":0,"k":0},"o":{"a":0,"k":100}}]},{"ty":"gr","nm":"path461","mn":"{8ce64b5c-6175-4d24-a751-d8fb6369aa10}","it":[{"ty":"sh","nm":"Path 169","mn":"{c66ff618-63d9-43d1-a17e-d56c816c0664}","d":1,"ks":{"a":0,"k":{"c":false,"v":[[163.104,120.657],[162.077,119.334],[163.104,118.01],[164.131,119.334]],"i":[[0,0],[0,0.731],[-0.567,0],[0,-0.731]],"o":[[-0.567,0],[0,-0.731],[0.567,0],[0,0]]}}},{"ty":"st","nm":"Stroke 74","mn":"{20575ccb-6c7c-4d75-aaa1-5a5c56db42c1}","o":{"a":0,"k":100},"lc":2,"lj":2,"ml":4,"w":{"a":0,"k":0.342},"c":{"a":0,"k":[0.8,0.8,0.8]}},{"ty":"fl","hd":true,"nm":"Fill 85","mn":"{a9b057ae-3370-47c4-9936-db1b8be77a03}","o":{"a":0,"k":0},"r":1,"c":{"a":0,"k":[0,0,0]}},{"ty":"tr","a":{"a":0,"k":[163.104,119.334]},"p":{"a":0,"k":[163.104,119.334]},"s":{"a":0,"k":[100,100]},"r":{"a":0,"k":0},"o":{"a":0,"k":100}}]},{"ty":"gr","nm":"path459","mn":"{1050df7d-9b6f-4563-be1b-deb0a14f528c}","it":[{"ty":"sh","nm":"Path 168","mn":"{a6b97522-ebf8-451d-b601-d57eb1a46d4e}","d":1,"ks":{"a":0,"k":{"c":true,"v":[[163.857,120.675],[163.159,121.373],[162.461,120.675],[163.159,119.977],[163.857,120.675]],"i":[[0,0],[0.383,0],[0,0.383],[-0.383,0],[0,-0.383]],"o":[[0,0.383],[-0.383,0],[0,-0.383],[0.383,0],[0,0.383]]}}},{"ty":"st","nm":"Stroke 73","mn":"{dd56950f-e7bd-4d1e-9b98-08ae4a761e08}","o":{"a":0,"k":0},"lc":2,"lj":2,"ml":4,"w":{"a":0,"k":0.574},"c":{"a":0,"k":[0,0,0]}},{"ty":"fl","nm":"Fill 84","mn":"{aafd07a9-b9fd-43ab-9f4d-137d9328cafe}","o":{"a":0,"k":100},"r":1,"c":{"a":0,"k":[0.6,0.6,0.6]}},{"ty":"tr","a":{"a":0,"k":[163.159,120.675]},"p":{"a":0,"k":[163.159,120.675]},"s":{"a":0,"k":[100,100]},"r":{"a":0,"k":0},"o":{"a":0,"k":100}}]},{"ty":"gr","nm":"path467","mn":"{d7cd1a42-2d8b-49e0-9da3-9cdabff49d9a}","it":[{"ty":"sh","nm":"Path 167","mn":"{be286ee1-1aa9-4bdb-9809-cfc9c12066be}","d":1,"ks":{"a":0,"k":{"c":false,"v":[[159.51,120.657],[158.483,119.334],[159.51,118.01],[160.537,119.334]],"i":[[0,0],[0,0.731],[-0.567,0],[0,-0.731]],"o":[[-0.567,0],[0,-0.731],[0.567,0],[0,0]]}}},{"ty":"st","nm":"Stroke 72","mn":"{fefb23bf-a96c-470d-bfd6-476b7f650312}","o":{"a":0,"k":100},"lc":2,"lj":2,"ml":4,"w":{"a":0,"k":0.342},"c":{"a":0,"k":[0.8,0.8,0.8]}},{"ty":"fl","hd":true,"nm":"Fill 83","mn":"{21bfb253-cb27-4273-a9e8-23e6b8669e30}","o":{"a":0,"k":0},"r":1,"c":{"a":0,"k":[0,0,0]}},{"ty":"tr","a":{"a":0,"k":[159.51,119.334]},"p":{"a":0,"k":[159.51,119.334]},"s":{"a":0,"k":[100,100]},"r":{"a":0,"k":0},"o":{"a":0,"k":100}}]},{"ty":"gr","nm":"path465","mn":"{be4611fd-58e5-4c6a-ae10-18f26e9020d7}","it":[{"ty":"sh","nm":"Path 166","mn":"{0e446bba-e701-432a-8c83-f1e4c8490911}","d":1,"ks":{"a":0,"k":{"c":true,"v":[[160.263,120.675],[159.565,121.373],[158.867,120.675],[159.565,119.977],[160.263,120.675]],"i":[[0,0],[0.383,0],[0,0.383],[-0.383,0],[0,-0.383]],"o":[[0,0.383],[-0.383,0],[0,-0.383],[0.383,0],[0,0.383]]}}},{"ty":"st","nm":"Stroke 71","mn":"{0936ea05-d118-408d-b4f5-01611d8cefce}","o":{"a":0,"k":0},"lc":2,"lj":2,"ml":4,"w":{"a":0,"k":0.574},"c":{"a":0,"k":[0,0,0]}},{"ty":"fl","nm":"Fill 82","mn":"{3aebec53-43b7-4579-8de7-15bc672d1352}","o":{"a":0,"k":100},"r":1,"c":{"a":0,"k":[0.6,0.6,0.6]}},{"ty":"tr","a":{"a":0,"k":[159.565,120.675]},"p":{"a":0,"k":[159.565,120.675]},"s":{"a":0,"k":[100,100]},"r":{"a":0,"k":0},"o":{"a":0,"k":100}}]},{"ty":"gr","nm":"path473","mn":"{15d5ca95-4389-4bdf-a440-a1a78eac11a0}","it":[{"ty":"sh","nm":"Path 165","mn":"{3e0221fc-b2c5-47bf-8c09-474adecdfd16}","d":1,"ks":{"a":0,"k":{"c":false,"v":[[155.916,120.657],[154.889,119.334],[155.916,118.01],[156.943,119.334]],"i":[[0,0],[0,0.731],[-0.567,0],[0,-0.731]],"o":[[-0.567,0],[0,-0.731],[0.567,0],[0,0]]}}},{"ty":"st","nm":"Stroke 70","mn":"{4e7b2265-008f-4919-9c0d-b3cfdadf67e4}","o":{"a":0,"k":100},"lc":2,"lj":2,"ml":4,"w":{"a":0,"k":0.342},"c":{"a":0,"k":[0.8,0.8,0.8]}},{"ty":"fl","hd":true,"nm":"Fill 81","mn":"{8a834375-380f-4026-94dc-55ce424dcd97}","o":{"a":0,"k":0},"r":1,"c":{"a":0,"k":[0,0,0]}},{"ty":"tr","a":{"a":0,"k":[155.916,119.334]},"p":{"a":0,"k":[155.916,119.334]},"s":{"a":0,"k":[100,100]},"r":{"a":0,"k":0},"o":{"a":0,"k":100}}]},{"ty":"gr","nm":"path471","mn":"{cfa63c3d-7068-4d1f-8093-9c3edf13405f}","it":[{"ty":"sh","nm":"Path 164","mn":"{80cb99e8-1f6e-4f93-bab0-0c2ec5d7a5d2}","d":1,"ks":{"a":0,"k":{"c":true,"v":[[156.669,120.675],[155.971,121.373],[155.273,120.675],[155.971,119.977],[156.669,120.675]],"i":[[0,0],[0.383,0],[0,0.383],[-0.383,0],[0,-0.383]],"o":[[0,0.383],[-0.383,0],[0,-0.383],[0.383,0],[0,0.383]]}}},{"ty":"st","nm":"Stroke 69","mn":"{4ae3a0da-5697-40ba-8ffe-1f81d02870d1}","o":{"a":0,"k":0},"lc":2,"lj":2,"ml":4,"w":{"a":0,"k":0.574},"c":{"a":0,"k":[0,0,0]}},{"ty":"fl","nm":"Fill 80","mn":"{13ed1556-8e2b-456a-b15e-59500aabf3ea}","o":{"a":0,"k":100},"r":1,"c":{"a":0,"k":[0.6,0.6,0.6]}},{"ty":"tr","a":{"a":0,"k":[155.971,120.675]},"p":{"a":0,"k":[155.971,120.675]},"s":{"a":0,"k":[100,100]},"r":{"a":0,"k":0},"o":{"a":0,"k":100}}]},{"ty":"gr","nm":"path479","mn":"{b2c6d0c1-bf85-4486-b6fa-c4b316a76008}","it":[{"ty":"sh","nm":"Path 163","mn":"{78b0bdbf-b997-4ad7-b985-c8a716d63ae2}","d":1,"ks":{"a":0,"k":{"c":false,"v":[[152.322,120.657],[151.295,119.334],[152.322,118.01],[153.35,119.334]],"i":[[0,0],[0,0.731],[-0.567,0],[0,-0.731]],"o":[[-0.567,0],[0,-0.731],[0.567,0],[0,0]]}}},{"ty":"st","nm":"Stroke 68","mn":"{b560d64d-88dd-4d62-a014-5add9284ea62}","o":{"a":0,"k":100},"lc":2,"lj":2,"ml":4,"w":{"a":0,"k":0.342},"c":{"a":0,"k":[0.8,0.8,0.8]}},{"ty":"fl","hd":true,"nm":"Fill 79","mn":"{f4e33800-1b75-4f9f-b8c7-95b633e6144c}","o":{"a":0,"k":0},"r":1,"c":{"a":0,"k":[0,0,0]}},{"ty":"tr","a":{"a":0,"k":[152.322,119.334]},"p":{"a":0,"k":[152.322,119.334]},"s":{"a":0,"k":[100,100]},"r":{"a":0,"k":0},"o":{"a":0,"k":100}}]},{"ty":"gr","nm":"path477","mn":"{ea56b19d-bd83-4f21-9589-1ba6541520ac}","it":[{"ty":"sh","nm":"Path 162","mn":"{ce97bc49-f717-4367-a2bf-dc65fb6815b3}","d":1,"ks":{"a":0,"k":{"c":true,"v":[[153.075,120.675],[152.377,121.373],[151.679,120.675],[152.377,119.977],[153.075,120.675]],"i":[[0,0],[0.383,0],[0,0.383],[-0.383,0],[0,-0.383]],"o":[[0,0.383],[-0.383,0],[0,-0.383],[0.383,0],[0,0.383]]}}},{"ty":"st","nm":"Stroke 67","mn":"{da37ec2f-e9fe-4d9f-90bb-0e68d60a0447}","o":{"a":0,"k":0},"lc":2,"lj":2,"ml":4,"w":{"a":0,"k":0.574},"c":{"a":0,"k":[0,0,0]}},{"ty":"fl","nm":"Fill 78","mn":"{56b9462d-ee4f-4071-b440-d8a62133863d}","o":{"a":0,"k":100},"r":1,"c":{"a":0,"k":[0.6,0.6,0.6]}},{"ty":"tr","a":{"a":0,"k":[152.377,120.675]},"p":{"a":0,"k":[152.377,120.675]},"s":{"a":0,"k":[100,100]},"r":{"a":0,"k":0},"o":{"a":0,"k":100}}]},{"ty":"gr","nm":"path485","mn":"{b07450eb-ce6b-4dce-bb6d-037924c69a09}","it":[{"ty":"sh","nm":"Path 161","mn":"{e46421b1-6417-44c0-9a52-559eb62a74dd}","d":1,"ks":{"a":0,"k":{"c":false,"v":[[148.729,120.657],[147.701,119.334],[148.729,118.01],[149.756,119.334]],"i":[[0,0],[0,0.731],[-0.567,0],[0,-0.731]],"o":[[-0.567,0],[0,-0.731],[0.567,0],[0,0]]}}},{"ty":"st","nm":"Stroke 66","mn":"{a8f62587-ac9a-4df7-8ee3-fd5cef51abdd}","o":{"a":0,"k":100},"lc":2,"lj":2,"ml":4,"w":{"a":0,"k":0.342},"c":{"a":0,"k":[0.8,0.8,0.8]}},{"ty":"fl","hd":true,"nm":"Fill 77","mn":"{a22e42a9-5a68-42ec-bc44-a7bf97d93f33}","o":{"a":0,"k":0},"r":1,"c":{"a":0,"k":[0,0,0]}},{"ty":"tr","a":{"a":0,"k":[148.729,119.334]},"p":{"a":0,"k":[148.729,119.334]},"s":{"a":0,"k":[100,100]},"r":{"a":0,"k":0},"o":{"a":0,"k":100}}]},{"ty":"gr","nm":"path483","mn":"{2eb5a68d-7ed9-4ea1-806b-a04bf92d30eb}","it":[{"ty":"sh","nm":"Path 160","mn":"{7983fc7d-fbe4-4ce1-a7f8-9d4982c5b51a}","d":1,"ks":{"a":0,"k":{"c":true,"v":[[149.481,120.675],[148.783,121.373],[148.085,120.675],[148.783,119.977],[149.481,120.675]],"i":[[0,0],[0.383,0],[0,0.383],[-0.383,0],[0,-0.383]],"o":[[0,0.383],[-0.383,0],[0,-0.383],[0.383,0],[0,0.383]]}}},{"ty":"st","nm":"Stroke 65","mn":"{39b4886e-4a33-4cbd-a346-33d4acbffce0}","o":{"a":0,"k":0},"lc":2,"lj":2,"ml":4,"w":{"a":0,"k":0.574},"c":{"a":0,"k":[0,0,0]}},{"ty":"fl","nm":"Fill 76","mn":"{fa6ec6f5-5159-4c7a-aee5-58eee71cc291}","o":{"a":0,"k":100},"r":1,"c":{"a":0,"k":[0.6,0.6,0.6]}},{"ty":"tr","a":{"a":0,"k":[148.783,120.675]},"p":{"a":0,"k":[148.783,120.675]},"s":{"a":0,"k":[100,100]},"r":{"a":0,"k":0},"o":{"a":0,"k":100}}]},{"ty":"gr","nm":"path491","mn":"{5350ce44-873c-4463-9866-80b446fb52c7}","it":[{"ty":"sh","nm":"Path 159","mn":"{2c446276-7513-4993-8885-1364762614f3}","d":1,"ks":{"a":0,"k":{"c":false,"v":[[145.135,120.657],[144.108,119.334],[145.135,118.01],[146.162,119.334]],"i":[[0,0],[0,0.731],[-0.567,0],[0,-0.731]],"o":[[-0.567,0],[0,-0.731],[0.567,0],[0,0]]}}},{"ty":"st","nm":"Stroke 64","mn":"{86c51a9e-fbed-4ff0-a05c-0de5df20a8b7}","o":{"a":0,"k":100},"lc":2,"lj":2,"ml":4,"w":{"a":0,"k":0.342},"c":{"a":0,"k":[0.8,0.8,0.8]}},{"ty":"fl","hd":true,"nm":"Fill 75","mn":"{4e4f26aa-2189-4bfc-8c08-3356b2320882}","o":{"a":0,"k":0},"r":1,"c":{"a":0,"k":[0,0,0]}},{"ty":"tr","a":{"a":0,"k":[145.135,119.334]},"p":{"a":0,"k":[145.135,119.334]},"s":{"a":0,"k":[100,100]},"r":{"a":0,"k":0},"o":{"a":0,"k":100}}]},{"ty":"gr","nm":"path489","mn":"{808bdd93-e582-4874-9541-242945f65c34}","it":[{"ty":"sh","nm":"Path 158","mn":"{b138c3b8-2d30-4b82-acc7-af59125f53ae}","d":1,"ks":{"a":0,"k":{"c":true,"v":[[145.887,120.675],[145.189,121.373],[144.491,120.675],[145.189,119.977],[145.887,120.675]],"i":[[0,0],[0.383,0],[0,0.383],[-0.383,0],[0,-0.383]],"o":[[0,0.383],[-0.383,0],[0,-0.383],[0.383,0],[0,0.383]]}}},{"ty":"st","nm":"Stroke 63","mn":"{9a34740d-342f-4122-bf8e-65da1994ad00}","o":{"a":0,"k":0},"lc":2,"lj":2,"ml":4,"w":{"a":0,"k":0.574},"c":{"a":0,"k":[0,0,0]}},{"ty":"fl","nm":"Fill 74","mn":"{d65d2c49-f4c0-4e2a-b152-6f7a6b00d90e}","o":{"a":0,"k":100},"r":1,"c":{"a":0,"k":[0.6,0.6,0.6]}},{"ty":"tr","a":{"a":0,"k":[145.189,120.675]},"p":{"a":0,"k":[145.189,120.675]},"s":{"a":0,"k":[100,100]},"r":{"a":0,"k":0},"o":{"a":0,"k":100}}]},{"ty":"gr","nm":"path497","mn":"{b2d30ece-11ed-42ce-94c1-4d50142079ca}","it":[{"ty":"sh","nm":"Path 157","mn":"{1d53df53-51b5-4e97-9deb-53bd25b5d58c}","d":1,"ks":{"a":0,"k":{"c":false,"v":[[141.541,120.657],[140.514,119.334],[141.541,118.01],[142.568,119.334]],"i":[[0,0],[0,0.731],[-0.567,0],[0,-0.731]],"o":[[-0.567,0],[0,-0.731],[0.567,0],[0,0]]}}},{"ty":"st","nm":"Stroke 62","mn":"{c0bb2115-1bcd-479d-b75b-392f22c34b38}","o":{"a":0,"k":100},"lc":2,"lj":2,"ml":4,"w":{"a":0,"k":0.342},"c":{"a":0,"k":[0.8,0.8,0.8]}},{"ty":"fl","hd":true,"nm":"Fill 73","mn":"{baf413b1-8a6b-4729-a16d-30b83d1c7e8c}","o":{"a":0,"k":0},"r":1,"c":{"a":0,"k":[0,0,0]}},{"ty":"tr","a":{"a":0,"k":[141.541,119.334]},"p":{"a":0,"k":[141.541,119.334]},"s":{"a":0,"k":[100,100]},"r":{"a":0,"k":0},"o":{"a":0,"k":100}}]},{"ty":"gr","nm":"path495","mn":"{3fa9a537-5875-4c72-8493-bfb21a3889ff}","it":[{"ty":"sh","nm":"Path 156","mn":"{1985c989-302d-4055-8f82-f844d63ffbf3}","d":1,"ks":{"a":0,"k":{"c":true,"v":[[142.293,120.675],[141.595,121.373],[140.897,120.675],[141.595,119.977],[142.293,120.675]],"i":[[0,0],[0.383,0],[0,0.383],[-0.383,0],[0,-0.383]],"o":[[0,0.383],[-0.383,0],[0,-0.383],[0.383,0],[0,0.383]]}}},{"ty":"st","nm":"Stroke 61","mn":"{bcd074df-687b-4489-a57b-3b813cac9a2b}","o":{"a":0,"k":0},"lc":2,"lj":2,"ml":4,"w":{"a":0,"k":0.574},"c":{"a":0,"k":[0,0,0]}},{"ty":"fl","nm":"Fill 72","mn":"{fb162260-684b-401d-8989-290db81ec1f7}","o":{"a":0,"k":100},"r":1,"c":{"a":0,"k":[0.6,0.6,0.6]}},{"ty":"tr","a":{"a":0,"k":[141.595,120.675]},"p":{"a":0,"k":[141.595,120.675]},"s":{"a":0,"k":[100,100]},"r":{"a":0,"k":0},"o":{"a":0,"k":100}}]},{"ty":"gr","nm":"path503","mn":"{524d1a62-bb07-4798-8822-b462201b4f8d}","it":[{"ty":"sh","nm":"Path 155","mn":"{8d3f0d74-9854-46b8-93cb-97dd8182b967}","d":1,"ks":{"a":0,"k":{"c":false,"v":[[137.947,120.657],[136.92,119.334],[137.947,118.01],[138.974,119.334]],"i":[[0,0],[0,0.731],[-0.567,0],[0,-0.731]],"o":[[-0.567,0],[0,-0.731],[0.567,0],[0,0]]}}},{"ty":"st","nm":"Stroke 60","mn":"{d65dc2a9-bd5a-4e83-9cad-eb03b62895cf}","o":{"a":0,"k":100},"lc":2,"lj":2,"ml":4,"w":{"a":0,"k":0.342},"c":{"a":0,"k":[0.8,0.8,0.8]}},{"ty":"fl","hd":true,"nm":"Fill 71","mn":"{f2a247a8-590b-4dae-a181-5fa638503448}","o":{"a":0,"k":0},"r":1,"c":{"a":0,"k":[0,0,0]}},{"ty":"tr","a":{"a":0,"k":[137.947,119.334]},"p":{"a":0,"k":[137.947,119.334]},"s":{"a":0,"k":[100,100]},"r":{"a":0,"k":0},"o":{"a":0,"k":100}}]},{"ty":"gr","nm":"path501","mn":"{01f1a58f-48fd-4125-aeff-a1efcac659f8}","it":[{"ty":"sh","nm":"Path 154","mn":"{ba612eec-19c7-4532-8db0-cb73936eb174}","d":1,"ks":{"a":0,"k":{"c":true,"v":[[138.699,120.675],[138.002,121.373],[137.304,120.675],[138.002,119.977],[138.699,120.675]],"i":[[0,0],[0.383,0],[0,0.383],[-0.383,0],[0,-0.383]],"o":[[0,0.383],[-0.383,0],[0,-0.383],[0.383,0],[0,0.383]]}}},{"ty":"st","nm":"Stroke 59","mn":"{4ba04b2b-fcde-4f1b-a58e-ecd8e94d2a00}","o":{"a":0,"k":0},"lc":2,"lj":2,"ml":4,"w":{"a":0,"k":0.574},"c":{"a":0,"k":[0,0,0]}},{"ty":"fl","nm":"Fill 70","mn":"{0d647296-29fa-495f-b207-6ba21dbf4426}","o":{"a":0,"k":100},"r":1,"c":{"a":0,"k":[0.6,0.6,0.6]}},{"ty":"tr","a":{"a":0,"k":[138.002,120.675]},"p":{"a":0,"k":[138.002,120.675]},"s":{"a":0,"k":[100,100]},"r":{"a":0,"k":0},"o":{"a":0,"k":100}}]},{"ty":"gr","nm":"path509","mn":"{f09481af-28e9-483d-8ea2-78f8451ea636}","it":[{"ty":"sh","nm":"Path 153","mn":"{bf8e3e24-b22f-4b78-b06a-b192c912cd4a}","d":1,"ks":{"a":0,"k":{"c":false,"v":[[134.353,120.657],[133.326,119.334],[134.353,118.01],[135.38,119.334]],"i":[[0,0],[0,0.731],[-0.567,0],[0,-0.731]],"o":[[-0.567,0],[0,-0.731],[0.567,0],[0,0]]}}},{"ty":"st","nm":"Stroke 58","mn":"{15c86efb-b3cf-46ef-b21d-e387ef02bf97}","o":{"a":0,"k":100},"lc":2,"lj":2,"ml":4,"w":{"a":0,"k":0.342},"c":{"a":0,"k":[0.8,0.8,0.8]}},{"ty":"fl","hd":true,"nm":"Fill 69","mn":"{bda7aebf-5dbc-45a4-8970-351abdb77c68}","o":{"a":0,"k":0},"r":1,"c":{"a":0,"k":[0,0,0]}},{"ty":"tr","a":{"a":0,"k":[134.353,119.334]},"p":{"a":0,"k":[134.353,119.334]},"s":{"a":0,"k":[100,100]},"r":{"a":0,"k":0},"o":{"a":0,"k":100}}]},{"ty":"gr","nm":"path507","mn":"{d747336a-4067-44f8-950f-48265f32d36e}","it":[{"ty":"sh","nm":"Path 152","mn":"{f00fe535-4572-43fd-b644-fa2db3d6859c}","d":1,"ks":{"a":0,"k":{"c":true,"v":[[135.106,120.675],[134.408,121.373],[133.71,120.675],[134.408,119.977],[135.106,120.675]],"i":[[0,0],[0.383,0],[0,0.383],[-0.383,0],[0,-0.383]],"o":[[0,0.383],[-0.383,0],[0,-0.383],[0.383,0],[0,0.383]]}}},{"ty":"st","nm":"Stroke 57","mn":"{6e69d31e-11a7-42d0-89b2-91d63e28d01d}","o":{"a":0,"k":0},"lc":2,"lj":2,"ml":4,"w":{"a":0,"k":0.574},"c":{"a":0,"k":[0,0,0]}},{"ty":"fl","nm":"Fill 68","mn":"{edc65f49-3e1e-4fe8-a720-4f8aa9537e48}","o":{"a":0,"k":100},"r":1,"c":{"a":0,"k":[0.6,0.6,0.6]}},{"ty":"tr","a":{"a":0,"k":[134.408,120.675]},"p":{"a":0,"k":[134.408,120.675]},"s":{"a":0,"k":[100,100]},"r":{"a":0,"k":0},"o":{"a":0,"k":100}}]},{"ty":"gr","nm":"path4193","mn":"{e03fd127-3b83-49b4-88e9-9b869e518035}","it":[{"ty":"sh","nm":"Path 151","mn":"{8015479c-21b8-4050-a0f5-10d83c2b63ac}","d":1,"ks":{"a":0,"k":{"c":false,"v":[[134.353,120.657],[133.326,119.334],[134.353,118.01],[135.38,119.334]],"i":[[0,0],[0,0.731],[-0.567,0],[0,-0.731]],"o":[[-0.567,0],[0,-0.731],[0.567,0],[0,0]]}}},{"ty":"st","nm":"Stroke 56","mn":"{ee0e1908-f017-4558-b63c-21f1b66bfd20}","o":{"a":0,"k":100},"lc":2,"lj":2,"ml":4,"w":{"a":0,"k":0.342},"c":{"a":0,"k":[0.8,0.8,0.8]}},{"ty":"fl","hd":true,"nm":"Fill 67","mn":"{90f5bbb5-c43d-4750-9358-da95fe4dda58}","o":{"a":0,"k":0},"r":1,"c":{"a":0,"k":[0,0,0]}},{"ty":"tr","a":{"a":0,"k":[134.353,119.334]},"p":{"a":0,"k":[134.353,119.334]},"s":{"a":0,"k":[100,100]},"r":{"a":0,"k":0},"o":{"a":0,"k":100}}]},{"ty":"gr","nm":"path4302","mn":"{a4d991ef-6e67-4d82-b263-ca52c68dc610}","it":[{"ty":"sh","nm":"Path 150","mn":"{0bcd7a83-8417-4a2f-9e72-14f11f221b3f}","d":1,"ks":{"a":0,"k":{"c":true,"v":[[135.106,120.675],[134.408,121.373],[133.71,120.675],[134.408,119.977],[135.106,120.675]],"i":[[0,0],[0.383,0],[0,0.383],[-0.383,0],[0,-0.383]],"o":[[0,0.383],[-0.383,0],[0,-0.383],[0.383,0],[0,0.383]]}}},{"ty":"st","nm":"Stroke 55","mn":"{9177ab74-9995-49c0-a5bc-57efa807f10d}","o":{"a":0,"k":0},"lc":2,"lj":2,"ml":4,"w":{"a":0,"k":0.574},"c":{"a":0,"k":[0,0,0]}},{"ty":"fl","nm":"Fill 66","mn":"{5ba621cd-92c8-47ed-9ec2-4d3e92c4079d}","o":{"a":0,"k":100},"r":1,"c":{"a":0,"k":[0.6,0.6,0.6]}},{"ty":"tr","a":{"a":0,"k":[134.408,120.675]},"p":{"a":0,"k":[134.408,120.675]},"s":{"a":0,"k":[100,100]},"r":{"a":0,"k":0},"o":{"a":0,"k":100}}]},{"ty":"gr","nm":"path4139","mn":"{e48bff4a-ad09-452b-b7a9-351d9d32771c}","it":[{"ty":"sh","nm":"Path 149","mn":"{aeeddc0c-1cc4-4b2c-8f5f-3e0ddef2ca8e}","d":1,"ks":{"a":0,"k":{"c":true,"v":[[185.276,119.468],[189.535,154.752],[178.804,154.752]],"i":[[0,0],[0,0],[0,0]],"o":[[0,0],[0,0],[0,0]]}}},{"ty":"fl","nm":"Fill 65","mn":"{48497882-737e-4dab-8540-0c5d589bc171}","o":{"a":0,"k":100},"r":1,"c":{"a":0,"k":[0.682,0.541,0.114]}},{"ty":"tr","a":{"a":0,"k":[184.169,137.11]},"p":{"a":0,"k":[184.169,137.11]},"s":{"a":0,"k":[100,100]},"r":{"a":0,"k":0},"o":{"a":0,"k":100}}]},{"ty":"gr","nm":"rect4126","mn":"{72d4bf6b-0476-4aea-8392-a5d05547b8c8}","it":[{"ty":"sh","nm":"Path 148","mn":"{47fae058-c7bf-4d61-9867-95fb8a1a876c}","d":1,"ks":{"a":0,"k":{"c":true,"v":[[134.578,124.017],[166.774,124.017],[167.726,125.182],[167.451,126.682],[166.072,127.847],[133.876,127.847],[132.925,126.682],[133.2,125.182],[134.578,124.017]],"i":[[0,0],[0,0],[0.118,-0.645],[0,0],[0.645,0],[0,0],[-0.118,0.645],[0,0],[-0.645,0]],"o":[[0,0],[0.645,0],[0,0],[-0.118,0.645],[0,0],[-0.645,0],[0,0],[0.118,-0.645],[0,0]]}}},{"ty":"st","nm":"Stroke 54","mn":"{a8cbe770-12ad-4f1c-a002-dd30898254a5}","o":{"a":0,"k":0},"lc":2,"lj":2,"ml":4,"w":{"a":0,"k":1.474},"c":{"a":0,"k":[0,0,0]}},{"ty":"fl","nm":"Fill 64","mn":"{f64e6f8b-caf1-4cfd-81df-62918e835a0d}","o":{"a":0,"k":100},"r":1,"c":{"a":0,"k":[0.953,0.749,0.125]}},{"ty":"tr","a":{"a":0,"k":[150.325,125.932]},"p":{"a":0,"k":[150.325,125.932]},"s":{"a":0,"k":[100,100]},"r":{"a":0,"k":0},"o":{"a":0,"k":100}}]},{"ty":"gr","nm":"path4108","mn":"{848ddcc4-4f00-40fc-8829-dcdae7bf4e3c}","it":[{"ty":"sh","nm":"Path 147","mn":"{236b0a58-26f3-4bd4-aa26-967dc1295d82}","d":1,"ks":{"a":0,"k":{"c":true,"v":[[171.048,152.144],[169.67,153.309],[169.14,156.196],[170.092,157.36],[172.978,157.36],[174.357,156.196],[174.887,153.309],[173.935,152.144]],"i":[[0,0],[0.118,-0.645],[0,0],[-0.645,0],[0,0],[-0.118,0.645],[0,0],[0.645,0]],"o":[[-0.645,0],[0,0],[-0.118,0.645],[0,0],[0.645,0],[0,0],[0.118,-0.645],[0,0]]}}},{"ty":"sh","nm":"Path 146","mn":"{39a8dd53-345c-4b28-a995-12c6904166ac}","d":1,"ks":{"a":0,"k":{"c":true,"v":[[164.11,152.144],[162.732,153.309],[162.202,156.196],[163.153,157.36],[166.04,157.36],[167.419,156.196],[167.948,153.309],[166.997,152.144]],"i":[[0,0],[0.118,-0.645],[0,0],[-0.645,0],[0,0],[-0.118,0.645],[0,0],[0.645,0]],"o":[[-0.645,0],[0,0],[-0.118,0.645],[0,0],[0.645,0],[0,0],[0.118,-0.645],[0,0]]}}},{"ty":"sh","nm":"Path 145","mn":"{3c1c9c9d-63bf-4351-988f-b26eaa279cc5}","d":1,"ks":{"a":0,"k":{"c":true,"v":[[157.172,152.144],[155.793,153.309],[155.264,156.196],[156.215,157.36],[159.102,157.36],[160.48,156.196],[161.01,153.309],[160.058,152.144]],"i":[[0,0],[0.118,-0.645],[0,0],[-0.645,0],[0,0],[-0.118,0.645],[0,0],[0.645,0]],"o":[[-0.645,0],[0,0],[-0.118,0.645],[0,0],[0.645,0],[0,0],[0.118,-0.645],[0,0]]}}},{"ty":"sh","nm":"Path 144","mn":"{7fa00c31-b4b1-4189-9cd3-f5e76f65ab6f}","d":1,"ks":{"a":0,"k":{"c":true,"v":[[150.234,152.144],[148.855,153.309],[148.326,156.196],[149.277,157.36],[152.163,157.36],[153.542,156.196],[154.072,153.309],[153.12,152.144]],"i":[[0,0],[0.118,-0.645],[0,0],[-0.645,0],[0,0],[-0.118,0.645],[0,0],[0.645,0]],"o":[[-0.645,0],[0,0],[-0.118,0.645],[0,0],[0.645,0],[0,0],[0.118,-0.645],[0,0]]}}},{"ty":"sh","nm":"Path 143","mn":"{4a9ec729-9d39-400d-bfd9-6bf0ffd43b6a}","d":1,"ks":{"a":0,"k":{"c":true,"v":[[143.296,152.144],[141.917,153.309],[141.388,156.196],[142.339,157.36],[145.225,157.36],[146.604,156.196],[147.133,153.309],[146.182,152.144]],"i":[[0,0],[0.118,-0.645],[0,0],[-0.645,0],[0,0],[-0.118,0.645],[0,0],[0.645,0]],"o":[[-0.645,0],[0,0],[-0.118,0.645],[0,0],[0.645,0],[0,0],[0.118,-0.645],[0,0]]}}},{"ty":"sh","nm":"Path 142","mn":"{bec11617-2b6b-4cb6-8444-eaad2c9b3080}","d":1,"ks":{"a":0,"k":{"c":true,"v":[[136.357,152.144],[134.979,153.309],[134.45,156.196],[135.401,157.36],[138.287,157.36],[139.666,156.196],[140.195,153.309],[139.244,152.144]],"i":[[0,0],[0.118,-0.645],[0,0],[-0.645,0],[0,0],[-0.118,0.645],[0,0],[0.645,0]],"o":[[-0.645,0],[0,0],[-0.118,0.645],[0,0],[0.645,0],[0,0],[0.118,-0.645],[0,0]]}}},{"ty":"sh","nm":"Path 141","mn":"{e30686de-ef52-4378-9171-ee06c6bc0c66}","d":1,"ks":{"a":0,"k":{"c":true,"v":[[129.419,152.144],[128.04,153.309],[127.511,156.196],[128.463,157.36],[131.349,157.36],[132.728,156.196],[133.257,153.309],[132.305,152.144]],"i":[[0,0],[0.118,-0.645],[0,0],[-0.645,0],[0,0],[-0.118,0.645],[0,0],[0.645,0]],"o":[[-0.645,0],[0,0],[-0.118,0.645],[0,0],[0.645,0],[0,0],[0.118,-0.645],[0,0]]}}},{"ty":"st","nm":"Stroke 53","mn":"{bb1cb5dc-7dcb-4972-9d9a-03d1f1fe1109}","o":{"a":0,"k":0},"lc":2,"lj":2,"ml":4,"w":{"a":0,"k":1.474},"c":{"a":0,"k":[0,0,0]}},{"ty":"fl","nm":"Fill 63","mn":"{56376568-0114-4416-a449-c402d5ac8954}","o":{"a":0,"k":100},"r":1,"c":{"a":0,"k":[0.953,0.749,0.125]}},{"ty":"tr","a":{"a":0,"k":[151.199,154.752]},"p":{"a":0,"k":[151.199,154.752]},"s":{"a":0,"k":[100,100]},"r":{"a":0,"k":0},"o":{"a":0,"k":100}}]},{"ty":"gr","nm":"path4094","mn":"{a671e985-932d-4f63-bb0c-6c3a363701cc}","it":[{"ty":"sh","nm":"Path 140","mn":"{b2ce07ed-4125-4fa1-829c-4f2e85b57c64}","d":1,"ks":{"a":0,"k":{"c":true,"v":[[172.366,144.958],[170.988,146.123],[170.459,149.01],[171.41,150.175],[174.296,150.175],[175.675,149.01],[176.205,146.123],[175.253,144.958]],"i":[[0,0],[0.118,-0.645],[0,0],[-0.645,0],[0,0],[-0.118,0.645],[0,0],[0.645,0]],"o":[[-0.645,0],[0,0],[-0.118,0.645],[0,0],[0.645,0],[0,0],[0.118,-0.645],[0,0]]}}},{"ty":"sh","nm":"Path 139","mn":"{dd41e276-624e-4204-a88c-07722ebb129b}","d":1,"ks":{"a":0,"k":{"c":true,"v":[[165.428,144.958],[164.05,146.123],[163.52,149.01],[164.471,150.175],[167.358,150.175],[168.737,149.01],[169.266,146.123],[168.315,144.958]],"i":[[0,0],[0.118,-0.645],[0,0],[-0.645,0],[0,0],[-0.118,0.645],[0,0],[0.645,0]],"o":[[-0.645,0],[0,0],[-0.118,0.645],[0,0],[0.645,0],[0,0],[0.118,-0.645],[0,0]]}}},{"ty":"sh","nm":"Path 138","mn":"{3c5fe287-4007-41a9-81a2-2d7262d4b93b}","d":1,"ks":{"a":0,"k":{"c":true,"v":[[158.49,144.958],[157.111,146.123],[156.582,149.01],[157.533,150.175],[160.42,150.175],[161.799,149.01],[162.328,146.123],[161.376,144.958]],"i":[[0,0],[0.118,-0.645],[0,0],[-0.645,0],[0,0],[-0.118,0.645],[0,0],[0.645,0]],"o":[[-0.645,0],[0,0],[-0.118,0.645],[0,0],[0.645,0],[0,0],[0.118,-0.645],[0,0]]}}},{"ty":"sh","nm":"Path 137","mn":"{eb417996-8632-499c-bc18-c6afd06b75e9}","d":1,"ks":{"a":0,"k":{"c":true,"v":[[151.552,144.958],[150.173,146.123],[149.644,149.01],[150.595,150.175],[153.481,150.175],[154.861,149.01],[155.39,146.123],[154.438,144.958]],"i":[[0,0],[0.118,-0.645],[0,0],[-0.645,0],[0,0],[-0.118,0.645],[0,0],[0.645,0]],"o":[[-0.645,0],[0,0],[-0.118,0.645],[0,0],[0.645,0],[0,0],[0.118,-0.645],[0,0]]}}},{"ty":"sh","nm":"Path 136","mn":"{43c26f55-9895-4414-b8a7-a0e26efc63d9}","d":1,"ks":{"a":0,"k":{"c":true,"v":[[144.614,144.958],[143.235,146.123],[142.706,149.01],[143.657,150.175],[146.543,150.175],[147.922,149.01],[148.451,146.123],[147.5,144.958]],"i":[[0,0],[0.118,-0.645],[0,0],[-0.645,0],[0,0],[-0.118,0.645],[0,0],[0.645,0]],"o":[[-0.645,0],[0,0],[-0.118,0.645],[0,0],[0.645,0],[0,0],[0.118,-0.645],[0,0]]}}},{"ty":"sh","nm":"Path 135","mn":"{eb565ae1-14e1-4499-896b-6cc55ee722c7}","d":1,"ks":{"a":0,"k":{"c":true,"v":[[137.676,144.958],[136.297,146.123],[135.768,149.01],[136.719,150.175],[139.605,150.175],[140.984,149.01],[141.513,146.123],[140.562,144.958]],"i":[[0,0],[0.118,-0.645],[0,0],[-0.645,0],[0,0],[-0.118,0.645],[0,0],[0.645,0]],"o":[[-0.645,0],[0,0],[-0.118,0.645],[0,0],[0.645,0],[0,0],[0.118,-0.645],[0,0]]}}},{"ty":"sh","nm":"Path 134","mn":"{b3e56bd3-c11b-45f5-98ce-bf07dbf44a91}","d":1,"ks":{"a":0,"k":{"c":true,"v":[[130.737,144.958],[129.358,146.123],[128.829,149.01],[129.781,150.175],[132.667,150.175],[134.046,149.01],[134.575,146.123],[133.624,144.958]],"i":[[0,0],[0.118,-0.645],[0,0],[-0.645,0],[0,0],[-0.118,0.645],[0,0],[0.645,0]],"o":[[-0.645,0],[0,0],[-0.118,0.645],[0,0],[0.645,0],[0,0],[0.118,-0.645],[0,0]]}}},{"ty":"st","nm":"Stroke 52","mn":"{b9765b56-b608-4348-b309-d2ce4facd6d9}","o":{"a":0,"k":0},"lc":2,"lj":2,"ml":4,"w":{"a":0,"k":1.474},"c":{"a":0,"k":[0,0,0]}},{"ty":"fl","nm":"Fill 62","mn":"{ee3e5163-08ab-4988-955d-c90c7cfc7458}","o":{"a":0,"k":100},"r":1,"c":{"a":0,"k":[0.953,0.749,0.125]}},{"ty":"tr","a":{"a":0,"k":[152.517,147.567]},"p":{"a":0,"k":[152.517,147.567]},"s":{"a":0,"k":[100,100]},"r":{"a":0,"k":0},"o":{"a":0,"k":100}}]},{"ty":"gr","nm":"path4080","mn":"{41500624-aaf8-4112-a6f9-4be9b3540ecc}","it":[{"ty":"sh","nm":"Path 133","mn":"{5c15fc4f-f759-4ee0-ba64-f0e7186d1807}","d":1,"ks":{"a":0,"k":{"c":true,"v":[[173.684,137.773],[172.306,138.938],[171.777,141.824],[172.728,142.989],[175.614,142.989],[176.993,141.824],[177.523,138.938],[176.571,137.773]],"i":[[0,0],[0.118,-0.645],[0,0],[-0.645,0],[0,0],[-0.118,0.645],[0,0],[0.645,0]],"o":[[-0.645,0],[0,0],[-0.118,0.645],[0,0],[0.645,0],[0,0],[0.118,-0.645],[0,0]]}}},{"ty":"sh","nm":"Path 132","mn":"{023b8bef-3a68-41b9-b715-025d4d8bd2c5}","d":1,"ks":{"a":0,"k":{"c":true,"v":[[166.746,137.773],[165.368,138.938],[164.838,141.824],[165.79,142.989],[168.676,142.989],[170.055,141.824],[170.584,138.938],[169.633,137.773]],"i":[[0,0],[0.118,-0.645],[0,0],[-0.645,0],[0,0],[-0.118,0.645],[0,0],[0.645,0]],"o":[[-0.645,0],[0,0],[-0.118,0.645],[0,0],[0.645,0],[0,0],[0.118,-0.645],[0,0]]}}},{"ty":"sh","nm":"Path 131","mn":"{b1c1aef6-0674-4b85-9537-d425dd592d83}","d":1,"ks":{"a":0,"k":{"c":true,"v":[[159.808,137.773],[158.429,138.938],[157.9,141.824],[158.852,142.989],[161.738,142.989],[163.117,141.824],[163.646,138.938],[162.694,137.773]],"i":[[0,0],[0.118,-0.645],[0,0],[-0.645,0],[0,0],[-0.118,0.645],[0,0],[0.645,0]],"o":[[-0.645,0],[0,0],[-0.118,0.645],[0,0],[0.645,0],[0,0],[0.118,-0.645],[0,0]]}}},{"ty":"sh","nm":"Path 130","mn":"{a8a07dab-44b1-4888-813a-a79dd3e59b21}","d":1,"ks":{"a":0,"k":{"c":true,"v":[[152.87,137.773],[151.491,138.938],[150.962,141.824],[151.913,142.989],[154.8,142.989],[156.179,141.824],[156.708,138.938],[155.756,137.773]],"i":[[0,0],[0.118,-0.645],[0,0],[-0.645,0],[0,0],[-0.118,0.645],[0,0],[0.645,0]],"o":[[-0.645,0],[0,0],[-0.118,0.645],[0,0],[0.645,0],[0,0],[0.118,-0.645],[0,0]]}}},{"ty":"sh","nm":"Path 129","mn":"{d91df93c-c81e-4ce5-850a-802ec25d4a72}","d":1,"ks":{"a":0,"k":{"c":true,"v":[[145.932,137.773],[144.553,138.938],[144.024,141.824],[144.975,142.989],[147.861,142.989],[149.24,141.824],[149.769,138.938],[148.818,137.773]],"i":[[0,0],[0.118,-0.645],[0,0],[-0.645,0],[0,0],[-0.118,0.645],[0,0],[0.645,0]],"o":[[-0.645,0],[0,0],[-0.118,0.645],[0,0],[0.645,0],[0,0],[0.118,-0.645],[0,0]]}}},{"ty":"sh","nm":"Path 128","mn":"{d2b23015-36ac-438a-bb2a-c7d2972c7c5f}","d":1,"ks":{"a":0,"k":{"c":true,"v":[[138.994,137.773],[137.615,138.938],[137.086,141.824],[138.037,142.989],[140.923,142.989],[142.302,141.824],[142.831,138.938],[141.88,137.773]],"i":[[0,0],[0.118,-0.645],[0,0],[-0.645,0],[0,0],[-0.118,0.645],[0,0],[0.645,0]],"o":[[-0.645,0],[0,0],[-0.118,0.645],[0,0],[0.645,0],[0,0],[0.118,-0.645],[0,0]]}}},{"ty":"sh","nm":"Path 127","mn":"{dd08f355-4298-4a15-9581-53e8ed6b3943}","d":1,"ks":{"a":0,"k":{"c":true,"v":[[132.055,137.773],[130.677,138.938],[130.147,141.824],[131.099,142.989],[133.985,142.989],[135.364,141.824],[135.893,138.938],[134.942,137.773]],"i":[[0,0],[0.118,-0.645],[0,0],[-0.645,0],[0,0],[-0.118,0.645],[0,0],[0.645,0]],"o":[[-0.645,0],[0,0],[-0.118,0.645],[0,0],[0.645,0],[0,0],[0.118,-0.645],[0,0]]}}},{"ty":"st","nm":"Stroke 51","mn":"{7b949fe4-75e1-4048-b364-77167d685d57}","o":{"a":0,"k":0},"lc":2,"lj":2,"ml":4,"w":{"a":0,"k":1.474},"c":{"a":0,"k":[0,0,0]}},{"ty":"fl","nm":"Fill 61","mn":"{30ec290a-6059-45f8-a968-788c490ce41c}","o":{"a":0,"k":100},"r":1,"c":{"a":0,"k":[0.953,0.749,0.125]}},{"ty":"tr","a":{"a":0,"k":[153.835,140.381]},"p":{"a":0,"k":[153.835,140.381]},"s":{"a":0,"k":[100,100]},"r":{"a":0,"k":0},"o":{"a":0,"k":100}}]},{"ty":"gr","nm":"rect4063","mn":"{935368e3-8a5b-4e66-a734-89f51c60bd91}","it":[{"ty":"sh","nm":"Path 126","mn":"{73a96380-984b-48b7-88aa-f0e934d33d70}","d":1,"ks":{"a":0,"k":{"c":true,"v":[[175.003,130.587],[173.624,131.752],[173.095,134.638],[174.046,135.804],[176.932,135.804],[178.311,134.638],[178.841,131.752],[177.889,130.587]],"i":[[0,0],[0.118,-0.645],[0,0],[-0.645,0],[0,0],[-0.118,0.645],[0,0],[0.645,0]],"o":[[-0.645,0],[0,0],[-0.118,0.645],[0,0],[0.645,0],[0,0],[0.118,-0.645],[0,0]]}}},{"ty":"sh","nm":"Path 125","mn":"{fb09f9e5-abb6-45f8-b47c-0d6e5731f9b0}","d":1,"ks":{"a":0,"k":{"c":true,"v":[[168.065,130.587],[166.686,131.752],[166.157,134.638],[167.108,135.804],[169.994,135.804],[171.373,134.638],[171.902,131.752],[170.951,130.587]],"i":[[0,0],[0.118,-0.645],[0,0],[-0.645,0],[0,0],[-0.118,0.645],[0,0],[0.645,0]],"o":[[-0.645,0],[0,0],[-0.118,0.645],[0,0],[0.645,0],[0,0],[0.118,-0.645],[0,0]]}}},{"ty":"sh","nm":"Path 124","mn":"{98770f75-a318-46f7-9328-31a3a33d8314}","d":1,"ks":{"a":0,"k":{"c":true,"v":[[161.126,130.587],[159.747,131.752],[159.218,134.638],[160.17,135.804],[163.056,135.804],[164.435,134.638],[164.964,131.752],[164.013,130.587]],"i":[[0,0],[0.118,-0.645],[0,0],[-0.645,0],[0,0],[-0.118,0.645],[0,0],[0.645,0]],"o":[[-0.645,0],[0,0],[-0.118,0.645],[0,0],[0.645,0],[0,0],[0.118,-0.645],[0,0]]}}},{"ty":"sh","nm":"Path 123","mn":"{fc9906d4-fdec-47c4-9c34-221b93f84713}","d":1,"ks":{"a":0,"k":{"c":true,"v":[[154.188,130.587],[152.809,131.752],[152.28,134.638],[153.231,135.804],[156.118,135.804],[157.497,134.638],[158.026,131.752],[157.074,130.587]],"i":[[0,0],[0.118,-0.645],[0,0],[-0.645,0],[0,0],[-0.118,0.645],[0,0],[0.645,0]],"o":[[-0.645,0],[0,0],[-0.118,0.645],[0,0],[0.645,0],[0,0],[0.118,-0.645],[0,0]]}}},{"ty":"sh","nm":"Path 122","mn":"{ee12992b-e01b-4ebb-ac43-d979902a6da5}","d":1,"ks":{"a":0,"k":{"c":true,"v":[[147.25,130.587],[145.871,131.752],[145.342,134.638],[146.293,135.804],[149.179,135.804],[150.558,134.638],[151.087,131.752],[150.136,130.587]],"i":[[0,0],[0.118,-0.645],[0,0],[-0.645,0],[0,0],[-0.118,0.645],[0,0],[0.645,0]],"o":[[-0.645,0],[0,0],[-0.118,0.645],[0,0],[0.645,0],[0,0],[0.118,-0.645],[0,0]]}}},{"ty":"sh","nm":"Path 121","mn":"{8bb2e2b2-2d3f-4181-8206-c82886a2438d}","d":1,"ks":{"a":0,"k":{"c":true,"v":[[140.312,130.587],[138.933,131.752],[138.404,134.638],[139.355,135.804],[142.241,135.804],[143.62,134.638],[144.149,131.752],[143.198,130.587]],"i":[[0,0],[0.118,-0.645],[0,0],[-0.645,0],[0,0],[-0.118,0.645],[0,0],[0.645,0]],"o":[[-0.645,0],[0,0],[-0.118,0.645],[0,0],[0.645,0],[0,0],[0.118,-0.645],[0,0]]}}},{"ty":"sh","nm":"Path 120","mn":"{f8dbf0db-b30b-4b49-b5c9-e54169025b79}","d":1,"ks":{"a":0,"k":{"c":true,"v":[[133.374,130.587],[131.995,131.752],[131.465,134.638],[132.417,135.804],[135.303,135.804],[136.682,134.638],[137.211,131.752],[136.26,130.587]],"i":[[0,0],[0.118,-0.645],[0,0],[-0.645,0],[0,0],[-0.118,0.645],[0,0],[0.645,0]],"o":[[-0.645,0],[0,0],[-0.118,0.645],[0,0],[0.645,0],[0,0],[0.118,-0.645],[0,0]]}}},{"ty":"st","nm":"Stroke 50","mn":"{9b17ef41-734f-4647-8ac6-647d423fd376}","o":{"a":0,"k":0},"lc":2,"lj":2,"ml":4,"w":{"a":0,"k":1.474},"c":{"a":0,"k":[0,0,0]}},{"ty":"fl","nm":"Fill 60","mn":"{ad13ad73-5302-43e0-b049-ce21b8d28f15}","o":{"a":0,"k":100},"r":1,"c":{"a":0,"k":[0.953,0.749,0.125]}},{"ty":"tr","a":{"a":0,"k":[155.153,133.195]},"p":{"a":0,"k":[155.153,133.195]},"s":{"a":0,"k":[100,100]},"r":{"a":0,"k":0},"o":{"a":0,"k":100}}]},{"ty":"gr","nm":"rect3713","mn":"{b4c319d5-13b7-4197-b634-4e912e395350}","it":[{"ty":"sh","nm":"Path 119","mn":"{e187cc64-ab51-421c-b645-61a1b9ffb3e1}","d":1,"ks":{"a":0,"k":{"c":true,"v":[[130.066,119.468],[185.276,119.468],[177.604,161.294],[122.394,161.294]],"i":[[0,0],[0,0],[0,0],[0,0]],"o":[[0,0],[0,0],[0,0],[0,0]]}}},{"ty":"st","nm":"Stroke 49","mn":"{9941ac38-cee3-47df-8e19-1611130cb050}","o":{"a":0,"k":0},"lc":2,"lj":2,"ml":4,"w":{"a":0,"k":1.474},"c":{"a":0,"k":[0,0,0]}},{"ty":"fl","nm":"Fill 59","mn":"{5900b233-3be4-430c-9b79-ac1787ec2c73}","o":{"a":0,"k":100},"r":1,"c":{"a":0,"k":[1,0.878,0.396]}},{"ty":"tr","a":{"a":0,"k":[153.835,140.381]},"p":{"a":0,"k":[153.835,140.381]},"s":{"a":0,"k":[100,100]},"r":{"a":0,"k":0},"o":{"a":0,"k":100}}]},{"ty":"tr","a":{"a":0,"k":[155.596,147.066]},"p":{"a":0,"k":[155.596,147.066]},"s":{"a":0,"k":[100,100]},"r":{"a":0,"k":0},"o":{"a":0,"k":100}}]},{"ty":"gr","nm":"note","mn":"{4d37c8c5-2984-4247-94f4-fdec796aa2a4}","it":[{"ty":"gr","nm":"rect1168","mn":"{83ca0fe8-38e7-48da-9667-002ac51be7ed}","it":[{"ty":"sh","nm":"Path 113","mn":"{3f31dd5b-3541-4f17-bd46-b88ee41bc901}","d":1,"ks":{"a":0,"k":{"c":true,"v":[[82.693,133.945],[81.787,134.851],[82.693,135.758],[88.315,135.758],[89.221,134.852],[88.315,133.945],[82.693,133.945]],"i":[[0,0],[0,-0.497],[-0.497,0],[0,0],[0,0.497],[0.497,0],[0,0]],"o":[[-0.497,0],[0,0.497],[0,0],[0.497,0],[0,-0.498],[0,0],[0,0]]}}},{"ty":"sh","nm":"Path 112","mn":"{14022648-052c-4d16-ba83-083850f4a8ad}","d":1,"ks":{"a":0,"k":{"c":true,"v":[[57.332,133.945],[56.428,134.851],[57.332,135.758],[77.285,135.758],[78.192,134.852],[77.286,133.945],[57.332,133.945]],"i":[[0,0],[0,-0.496],[-0.497,-0.001],[0,0],[0,0.497],[0.497,0],[0,0]],"o":[[-0.496,0.001],[0,0.497],[0,0],[0.497,0],[0,-0.498],[0,0],[0,0]]}}},{"ty":"sh","nm":"Path 111","mn":"{dab42e40-4e4e-4c8e-80bc-5fbf27d24e80}","d":1,"ks":{"a":0,"k":{"c":true,"v":[[41.977,128.931],[49.91,128.931],[49.91,136.865],[41.977,136.865],[41.977,128.931]],"i":[[0,0],[0,0],[0,0],[0,0],[0,0]],"o":[[0,0],[0,0],[0,0],[0,0],[0,0]]}}},{"ty":"sh","nm":"Path 110","mn":"{3b420a13-d61c-4f7c-adaf-4e54f8d0e8b1}","d":1,"ks":{"a":0,"k":{"c":true,"v":[[41.24,127.459],[40.502,128.195],[40.502,137.603],[41.24,138.339],[50.647,138.339],[51.383,137.603],[51.383,128.195],[50.647,127.459],[41.24,127.459]],"i":[[0,0],[0.001,-0.404],[0,0],[-0.404,0.001],[0,0],[-0.001,0.404],[0,0],[0.404,0],[0,0]],"o":[[-0.404,-0.001],[0,0],[0.001,0.404],[0,0],[0.404,0],[0,0],[0,-0.404],[0,0],[0,0]]}}},{"ty":"sh","nm":"Path 109","mn":"{ca32fe76-ef55-434c-a0a6-426159682296}","d":1,"ks":{"a":0,"k":{"c":true,"v":[[57.764,127.416],[56.858,128.322],[57.763,129.228],[88.881,129.228],[89.787,128.323],[88.881,127.416],[57.764,127.416]],"i":[[0,0],[0,-0.497],[-0.497,0],[0,0],[0,0.497],[0.497,0],[0,0]],"o":[[-0.497,0],[0,0.497],[0,0],[0.497,0],[0,-0.498],[0,0],[0,0]]}}},{"ty":"sh","nm":"Path 108","mn":"{ccbcca92-55fa-4e2a-88b7-42775ce955c8}","d":1,"ks":{"a":0,"k":{"c":true,"v":[[75.065,117.84],[74.158,118.745],[75.064,119.652],[88.315,119.652],[89.221,118.747],[88.315,117.84],[75.065,117.84]],"i":[[0,0],[0,-0.497],[-0.497,0],[0,0],[0,0.497],[0.497,0],[0,0]],"o":[[-0.497,0],[0,0.497],[0,0],[0.497,0],[0,-0.498],[0,0],[0,0]]}}},{"ty":"sh","nm":"Path 107","mn":"{a87cae6b-d874-4377-ab47-f41d90aa92e0}","d":1,"ks":{"a":0,"k":{"c":true,"v":[[57.332,117.84],[56.428,118.746],[57.332,119.652],[69.801,119.652],[70.707,118.746],[69.801,117.84],[57.332,117.84]],"i":[[0,0],[0,-0.496],[-0.497,-0.001],[0,0],[0,0.497],[0.497,0],[0,0]],"o":[[-0.496,0.001],[0,0.497],[0,0],[0.497,0],[0,-0.497],[0,0],[0,0]]}}},{"ty":"sh","nm":"Path 106","mn":"{705f4793-7f43-46c2-b06e-37e5643f3f63}","d":1,"ks":{"a":0,"k":{"c":true,"v":[[41.977,111.371],[49.91,111.371],[49.91,119.304],[41.977,119.304],[41.977,111.371]],"i":[[0,0],[0,0],[0,0],[0,0],[0,0]],"o":[[0,0],[0,0],[0,0],[0,0],[0,0]]}}},{"ty":"sh","nm":"Path 105","mn":"{97e1a36f-db07-4f89-85ae-de9b8de95aa1}","d":1,"ks":{"a":0,"k":{"c":true,"v":[[57.764,111.311],[56.858,112.216],[57.763,113.123],[88.881,113.123],[89.787,112.217],[88.881,111.311],[57.764,111.311]],"i":[[0,0],[0,-0.497],[-0.497,0],[0,0],[0,0.497],[0.497,0],[0,0]],"o":[[-0.497,0],[0,0.497],[0,0],[0.497,0],[0,-0.498],[0,0],[0,0]]}}},{"ty":"sh","nm":"Path 104","mn":"{7f9a155f-33b3-40bb-a584-a7a494974a2d}","d":1,"ks":{"a":0,"k":{"c":true,"v":[[41.24,109.898],[40.502,110.634],[40.502,120.043],[41.24,120.779],[50.647,120.779],[51.383,120.043],[51.383,110.635],[50.647,109.898],[41.24,109.898]],"i":[[0,0],[0.001,-0.404],[0,0],[-0.404,0],[0,0],[0,0.404],[0,0],[0.404,0],[0,0]],"o":[[-0.404,-0.001],[0,0],[0,0.404],[0,0],[0.404,0],[0,0],[0,-0.404],[0,0],[0,0]]}}},{"ty":"sh","nm":"Path 103","mn":"{be374bb2-7d1a-4353-bacd-0564b75dce23}","d":1,"ks":{"a":0,"k":{"c":true,"v":[[80.275,99.361],[79.369,100.265],[80.275,101.172],[84.467,101.172],[85.373,100.266],[84.467,99.361],[80.275,99.361]],"i":[[0,0],[0.001,-0.496],[-0.497,0],[0,0],[0,0.497],[0.497,0],[0,0]],"o":[[-0.496,0],[0,0.497],[0,0],[0.497,0],[-0.001,-0.497],[0,0],[0,0]]}}},{"ty":"sh","nm":"Path 102","mn":"{e9bf4bbf-5323-4476-9cb3-4f627823746c}","d":1,"ks":{"a":0,"k":{"c":true,"v":[[57.332,99.361],[56.428,100.265],[57.332,101.172],[74.199,101.172],[75.103,100.265],[74.199,99.361],[57.332,99.361]],"i":[[0,0],[0.001,-0.496],[-0.497,-0.001],[0,0],[0,0.497],[0.496,0.001],[0,0]],"o":[[-0.496,0.001],[0,0.497],[0,0],[0.497,-0.001],[-0.001,-0.496],[0,0],[0,0]]}}},{"ty":"sh","nm":"Path 101","mn":"{11a338c2-754a-4674-a068-00809f3ced0f}","d":1,"ks":{"a":0,"k":{"c":true,"v":[[41.977,93.81],[49.91,93.81],[49.91,101.744],[41.977,101.744],[41.977,93.81]],"i":[[0,0],[0,0],[0,0],[0,0],[0,0]],"o":[[0,0],[0,0],[0,0],[0,0],[0,0]]}}},{"ty":"sh","nm":"Path 100","mn":"{e4e28e1d-90e4-4822-a423-eae313e5e37a}","d":1,"ks":{"a":0,"k":{"c":true,"v":[[57.764,92.832],[56.858,93.736],[57.763,94.642],[88.881,94.642],[89.787,93.737],[88.881,92.832],[57.764,92.832]],"i":[[0,0],[0.001,-0.497],[-0.497,0],[0,0],[0,0.497],[0.497,0],[0,0]],"o":[[-0.497,0],[0,0.497],[0,0],[0.497,0],[-0.001,-0.497],[0,0],[0,0]]}}},{"ty":"sh","nm":"Path 99","mn":"{687c0abf-3b29-4b4f-948f-aabd7178ee6f}","d":1,"ks":{"a":0,"k":{"c":true,"v":[[41.24,92.338],[40.502,93.073],[40.502,102.482],[41.24,103.219],[50.647,103.219],[51.383,102.482],[51.383,93.074],[50.647,92.338],[41.24,92.338]],"i":[[0,0],[0.001,-0.404],[0,0],[-0.404,0],[0,0],[0,0.404],[0,0],[0.404,0],[0,0]],"o":[[-0.404,-0.001],[0,0],[0,0.404],[0,0],[0.404,0],[0,0],[0,-0.404],[0,0],[0,0]]}}},{"ty":"st","nm":"Stroke 45","mn":"{b200052f-ff22-49e0-bc93-0a6d00cd3d06}","o":{"a":0,"k":0},"lc":2,"lj":2,"ml":4,"w":{"a":0,"k":1},"c":{"a":0,"k":[0,0,0]}},{"ty":"fl","nm":"Fill 54","mn":"{efa0d793-0ec8-45ad-8d1b-164dff86da36}","o":{"a":0,"k":100},"r":1,"c":{"a":0,"k":[0.475,0.427,0.294]}},{"ty":"tr","a":{"a":0,"k":[65.145,115.338]},"p":{"a":0,"k":[65.145,115.338]},"s":{"a":0,"k":[100,100]},"r":{"a":0,"k":0},"o":{"a":0,"k":100}}]},{"ty":"gr","nm":"rect234","mn":"{f2bbdac7-0f31-4285-9169-f05944c2cae2}","it":[{"ty":"sh","nm":"Path 98","mn":"{405c821a-2e79-41df-a301-bc824b532a42}","d":1,"ks":{"a":0,"k":{"c":true,"v":[[32.924,80.664],[96.197,80.664],[96.197,172.998],[32.924,172.998],[32.924,80.664]],"i":[[0,0],[0,0],[0,0],[0,0],[0,0]],"o":[[0,0],[0,0],[0,0],[0,0],[0,0]]}}},{"ty":"sh","nm":"Path 97","mn":"{59ed604c-d601-4093-8fda-559fce8d953e}","d":1,"ks":{"a":0,"k":{"c":true,"v":[[98.364,59.523],[104.621,60.859],[107.383,64.326],[108.64,79.064],[108.64,151.857],[100.709,151.857],[100.709,78.408],[98.453,76.152],[92.572,73.674],[90.797,67.908],[92.918,62.019],[98.364,59.523]],"i":[[0,0],[-1.325,-0.798],[-0.622,-1.601],[0,-6.236],[0,0],[0,0],[0,0],[1.238,0],[1.218,1.481],[-0.067,2.175],[-1.284,1.534],[-2.462,0]],"o":[[2.965,0],[1.325,0.798],[1.244,3.202],[0,0],[0,0],[0,0],[0,-1.238],[-2.903,0],[-1.218,-1.481],[0.067,-2.175],[1.284,-1.534],[0,0]]}}},{"ty":"sh","nm":"Path 96","mn":"{bc409210-1437-47d4-9e19-7b75336fbfe8}","d":1,"ks":{"a":0,"k":{"c":true,"v":[[34.256,59.523],[89.137,59.523],[86.287,67.767],[88.785,76.152],[30.668,76.152],[24.883,73.652],[23.101,67.978],[34.256,59.523]],"i":[[0,0],[0,0],[0.091,-2.942],[-1.822,-2.422],[0,0],[1.263,1.499],[-0.131,2.095],[-7.979,0]],"o":[[0,0],[-1.822,2.365],[-0.091,2.951],[0,0],[-2.703,0],[-1.263,-1.499],[0.262,-4.19],[0,0]]}}},{"ty":"sh","nm":"Path 95","mn":"{eac4727f-097f-4097-9b98-6a1831c08ec9}","d":1,"ks":{"a":0,"k":{"c":true,"v":[[34.256,55.012],[18.598,67.697],[21.432,76.559],[28.412,80.472],[28.412,175.254],[30.668,177.51],[98.453,177.51],[100.709,175.254],[100.709,156.369],[110.897,156.369],[113.152,154.113],[113.152,79.064],[111.588,62.691],[106.949,56.994],[98.364,55.012],[34.256,55.012]],"i":[[0,0],[0.399,-6.38],[-2.077,-2.465],[-2.901,-0.498],[0,0],[-1.237,0],[0,0],[0,1.238],[0,0],[0,0],[0,1.238],[0,0],[1.784,4.591],[2.239,1.348],[3.51,0],[0,0]],"o":[[-9.771,0],[-0.199,3.19],[1.662,1.973],[0,0],[0,1.237],[0,0],[1.238,0],[0,0],[0,0],[1.238,0],[0,0],[0,-6.186],[-0.892,-2.296],[-2.238,-1.348],[0,0],[0,0]]}}},{"ty":"st","nm":"Stroke 44","mn":"{489ba645-dc22-40fb-8a3f-08c246f286e8}","o":{"a":0,"k":0},"lc":2,"lj":2,"ml":4,"w":{"a":0,"k":1},"c":{"a":0,"k":[0,0,0]}},{"ty":"fl","nm":"Fill 53","mn":"{79db15e3-e1d7-4e56-a497-ef5207dbe3dc}","o":{"a":0,"k":100},"r":1,"c":{"a":0,"k":[0.729,0.639,0.373]}},{"ty":"tr","a":{"a":0,"k":[65.866,116.261]},"p":{"a":0,"k":[65.866,116.261]},"s":{"a":0,"k":[100,100]},"r":{"a":0,"k":0},"o":{"a":0,"k":100}}]},{"ty":"gr","nm":"rect2764","mn":"{2816c441-75cf-4990-bc04-f97c7fe4759f}","it":[{"ty":"sh","nm":"Path 94","mn":"{90a28491-0e73-4d31-9ec8-7883a3ba3bf4}","d":1,"ks":{"a":0,"k":{"c":true,"v":[[46.986,63.018],[94.471,63.018],[105.063,72.56],[105.063,149.12],[98.793,149.293],[97.769,166.602],[36.547,166.602],[36.547,72.038],[46.986,63.018]],"i":[[0,0],[0,0],[0,-6.505],[0,0],[0,0],[0,0],[0,0],[0,0],[-6.382,0]],"o":[[0,0],[6.555,0],[0,0],[0,0],[0,0],[0,0],[0,0],[-0.461,-5.68],[0,0]]}}},{"ty":"fl","nm":"Fill 52","mn":"{61cc59ae-e192-4347-a086-740d5e2b6076}","o":{"a":0,"k":100},"r":1,"c":{"a":0,"k":[1,0.878,0.396]}},{"ty":"tr","a":{"a":0,"k":[70.789,114.81]},"p":{"a":0,"k":[70.789,114.81]},"s":{"a":0,"k":[100,100]},"r":{"a":0,"k":0},"o":{"a":0,"k":100}}]},{"ty":"tr","a":{"a":0,"k":[65.866,116.261]},"p":{"a":0,"k":[65.866,116.261]},"s":{"a":0,"k":[100,100]},"r":{"a":1,"k":[{"t":0,"s":[0],"h":0,"o":{"x":[0.333],"y":[0]},"i":{"x":[0.667],"y":[1]},"e":[-2.252]},{"t":58,"s":[-2.252],"h":0,"o":{"x":[0.333],"y":[0]},"i":{"x":[0.667],"y":[1]},"e":[-2.252]},{"t":97,"s":[-2.252],"h":0,"o":{"x":[0.333],"y":[0]},"i":{"x":[0.667],"y":[1]},"e":[0]},{"t":133,"s":[0]}]},"o":{"a":0,"k":100}}]},{"ty":"gr","nm":"path2899","mn":"{c6842427-bfce-403f-b551-47619535cafd}","it":[{"ty":"sh","nm":"Path 93","mn":"{3ead5de0-1f64-4c9e-bf15-cf43f82e8a0b}","d":1,"ks":{"a":0,"k":{"c":true,"v":[[140.016,133.044],[160.571,126.737],[174.025,145.445],[170.967,165.089],[156.572,182.295],[141.901,185.212],[95.615,192.536],[55.919,175.322],[72.54,148.591],[101.552,135.654],[140.016,133.044]],"i":[[0,0],[-10.908,-3.164],[2.138,-5.168],[-3.575,-9.854],[9.192,5.203],[6.019,-8.779],[17.221,13.546],[11.603,8.135],[-13.006,2.04],[-9.506,11.26],[-10.992,5.742]],"o":[[0,0],[10.908,3.164],[-2.138,5.168],[3.575,9.854],[-9.192,-5.203],[-6.019,8.779],[-17.221,-13.546],[-11.603,-8.135],[13.006,-2.04],[9.506,-11.26],[0,0]]}}},{"ty":"fl","nm":"Fill 51","mn":"{f140cd8a-9ba4-4b35-b5a6-6ebca8331ed5}","o":{"a":0,"k":100},"r":1,"c":{"a":0,"k":[0.965,0.898,0.651]}},{"ty":"tr","a":{"a":0,"k":[113.161,162.352]},"p":{"a":0,"k":[113.161,162.352]},"s":{"a":0,"k":[100,100]},"r":{"a":0,"k":0},"o":{"a":0,"k":100}}]}]},{"ddd":0,"ty":4,"ip":0,"op":360,"ind":0,"st":0,"ks":{"a":{"a":0,"k":[253.168,252.323]},"p":{"a":0,"k":[254.299,252.323]},"s":{"a":0,"k":[100,100]},"r":{"a":0,"k":0},"o":{"a":0,"k":100}},"shapes":[{"ty":"rc","nm":"Rectangle","mn":"{74641813-30ad-4c49-87be-b0c28ea018d7}","d":1,"p":{"a":0,"k":[253.168,252.323]},"s":{"a":0,"k":[524.225,519.91]},"r":{"a":0,"k":0}},{"ty":"fl","nm":"Fill","mn":"{2cfd4fd6-2164-4b5c-b037-d2caa6c64d83}","o":{"a":0,"k":100},"r":1,"c":{"a":0,"k":[1,1,1]}}]}],"meta":{"g":"Glaxnimate 0.5.3+deb-4c10136b"}}